대여소 명,대여 건수,대여일자/월
2391. 구룡터널 입구(개포1단지아파트),4,202206
5082. 가양역 7번출구,5,202206
4719. 종로문화원 건너편,24,202206
3527. 왕십리 자이아파트,25,202206
4314. 탑성마을 버스정거장 옆,29,202206
3538. 서울숲 IT캐슬,38,202206
3923. 구로공구상가 앞,40,202206
2288. 안골마을입구,41,202206
2286. 탑성마을입구,43,202206
4322.서울추모공원 입구,49,202206
2536.서초종합체육관 입구,62,202206
4240. 아현문화건강센터,62,202206
2813.항동지구 3단지 302동 앞,63,202206
865.하얏트호텔 앞,67,202206
859.남산공원 야외식물원 앞,68,202206
2287. 능안마을입구,68,202206
4417. 성북청소년문화의집,74,202206
2612. 문정·가락 대여소 앞,78,202206
2506. LG유플러스 (방배사옥),81,202206
2096.서울특별시 동작관악교육지원청,83,202206
2393. 구룡사 앞 교차로 (보도육교),85,202206
3971. 순흥안씨묘 건너편,87,202206
2275. 염곡치안센터 건너편,87,202206
3003.래미안신공덕3차아파트,88,202206
1352. e 편한세상 보문아파트 내,98,202206
2201. 본마을 정류소 앞,99,202206
2816.항동지구 8단지 803동옆(주차장입구),100,202206
3878. 장로회신학대학교 주기철 기념관,101,202206
2289. 남태령역 2번출구,104,202206
2343. 세곡사거리 대왕파출소 앞,106,202206
3677. 강동구음식물재활용센터,109,202206
1680. 삼육대 제3과학관,110,202206
484.도동삼거리,118,202206
3699. 상일파출소 옆,123,202206
4324. 세화고등학교,126,202206
4363. 신금호역 2번출구 앞,128,202206
4709. 천지인 오피스텔 앞,128,202206
462. 신영동삼거리(북악터널방향),129,202206
3306.서울신우초등학교,130,202206
3418.창신역2번 출구,130,202206
3404.서울특별시 중부교육지원청,136,202206
2068. 총신대 앞(육교),137,202206
3403.서울특별시 교육청,137,202206
447. 신영동삼거리,137,202206
803. 한남초교 앞 보도육교,139,202206
1082.중앙보훈병원역3번출구,139,202206
4323. 내곡도서관,139,202206
381. 장충체육관,140,202206
4853. 송파 안전체험교육관,148,202206
1550.삼각산아이원아파트(105동 옆),148,202206
2541.옛골 입구,148,202206
2810.항동지구 3단지 311동 앞,149,202206
3648. 구룡역 4번 출구,152,202206
2282. 방배래미안아트힐 101동앞,154,202206
4782. 서소문역사공원,154,202206
4702. 평창동 주민센터,155,202206
4637. 용산시티파크 101동 앞,156,202206
4760. 서울역 7번출구,158,202206
3622. 은마아파트입구 사거리(1),159,202206
924. 메뚜기다리,161,202206
4044. 공릉산 백세문 입구,162,202206
4415. 미아초교버스승강장,162,202206
1379.길음뉴타운푸르지오아파트 3단지,162,202206
3610. 윗반마을 입구,163,202206
2395. 개포1단지아파트 입구 (보도육교),164,202206
3532. 왕십리KCC스위첸아파트,164,202206
3430.구기치안센터 앞,166,202206
991.흥국사 정류장,167,202206
429. 송도병원,168,202206
1052. 리싸이클시티,168,202206
4538. 양천공영차고지,169,202206
200. 국회의원회관,171,202206
2352. 서울본부세관(건설회관 앞),172,202206
2207. 내곡파출소 뒤 정자,172,202206
4332. 이수교차로,175,202206
4777. 약수동 주민센터,177,202206
486. 평창동주민센터 앞,178,202206
4612. 한남 준 J.FSS 앞,178,202206
2199.신봉천주유소 A,179,202206
564. 금호역 3번출구,179,202206
4541. 갈산문화예술센터,181,202206
3781. 강서아동복지센터,182,202206
1342. 성북쉼터 앞,183,202206
4265. 안산초등학교 앞,185,202206
2805.구로자원순환센터,186,202206
4305. 서일스포츠센터,189,202206
2392. 구룡산 입구 (구룡산 서울둘레길 입구),195,202206
2248. 서초리슈빌S 글로벌 앞,196,202206
2284. CJ오쇼핑앞,196,202206
523. 옥수동성당 옆,196,202206
4523. 구립양천어르신요양센터,198,202206
2257. 청계산 입구 삼거리,198,202206
4772. 중앙일보,202,202206
4638. 청파동삼거리 앞,203,202206
1424. 양원역 2번출구,204,202206
3431.로제우스 레포츠센터,204,202206
4178. 이수성결교회 옆,204,202206
556. 달맞이공원,206,202206
969. 은평 지웰테라스,206,202206
2401. 밀알학교 입구 (삼성서울병원 입구),207,202206
2210. 반포1동 주민센터 앞,207,202206
2225.백석예술대학교 제3캠퍼스 앞,208,202206
4479. 문정중학교,208,202206
3615. 서울 논현동우체국 앞,209,202206
937. 상림마을 롯데캐슬2단지 옆,209,202206
1242. 문정 법조단지6,209,202206
2510. JW타워,212,202206
4668. 기자촌사거리,213,202206
968. 은평뉴타운 상림마을 13단지,214,202206
2347. 두산건설 본사,215,202206
2809.항동지구 11단지 1103동 앞,218,202206
2806.항동지구 4단지 입구,218,202206
3922. 서울남부교정시설 앞,219,202206
4617. 동원베네스트 건너편,219,202206
2092.흑석한강푸르지오(110동),219,202206
443.호암아트홀,220,202206
4309. 서초케이타운앞,220,202206
4623. 라인프랜즈이태원점 앞,221,202206
4327. 몽마르뜨공원입구,221,202206
2659.서울친환경유통센터,221,202206
2141. 미림여고입구 교차로,223,202206
1866.서울안천초등학교 옆,224,202206
2386. 크린랩 본사,224,202206
2061. 한강 현대아파트 건너편,224,202206
1039. 고덕초등학교,224,202206
1467.sk신내 주유소앞(용마산로),226,202206
1572. 우이동 먹거리마을,227,202206
2533.한가람미술관 앞,229,202206
2079.중앙대학교 중앙광장,229,202206
1007.암사동 선사유적지,230,202206
2807.항동지구 1단지 105동 앞,231,202206
4310. 염곡동(염통골) 입구,231,202206
4801. 충정로역 2호선(엘리베이터 앞),232,202206
1250.문정2동 주민센터,232,202206
1422. 신내우디안아파트 1단지,235,202206
3915. 동선아파트 앞,236,202206
4488. 문현중.고등학교 사이,238,202206
2334. 삼호아파트 2동 ( 간선도로),239,202206
4177. 롯데캐슬 101동 앞,240,202206
465. 삼청공원 앞,240,202206
1066.생태공원앞 교차로(조명탑),241,202206
4239. 성산2동 주민센터,243,202206
1089.고덕 래미안힐스테이트(201동),244,202206
2532.국립국악원 앞,244,202206
921. 신도고등학교,245,202206
2304. 대현그린타워,246,202206
2040. 비계 버스정류소,246,202206
938. 금암 문화공원,247,202206
2226. 신동아럭스빌아파트 앞,247,202206
3967. 혜명양로원 담장 옆(2),248,202206
3910. 목양전원교회 앞 로터리,248,202206
4584. 국회2문,249,202206
3649. 구룡역 5번 출구,250,202206
1445. 용마지구대,250,202206
854.HID 유족동지회 앞,251,202206
3652. 한영외국어고등학교,251,202206
3556.신금호파크자이APT앞,253,202206
4907. 극동스포츠 앞,254,202206
1855. 성지아파트 옆 도로변,256,202206
4830. 신내 우디안 111동 앞,257,202206
4021. 중계본동 입구,257,202206
3698. 명일역 3번출구 옆,258,202206
384. 종로학원본원,259,202206
1283. 오금공원 사거리,259,202206
3911. 항동하버리안2단지아파트 후문,261,202206
855.이촌역5번출구 앞,261,202206
831. 이태원관광특구입구,262,202206
1427. 용마산역 1번출구,263,202206
2093.상도SH빌아파트 입구,264,202206
3531. 논골사거리(금호도서관 입구),267,202206
4681.박석고개(은평소방서) 앞,268,202206
1861.IBK기업은행 석수역 지점 앞,270,202206
3563.구의7단지현대아파트,270,202206
2545.국립중앙도서관(국제회의장옆),270,202206
4611. 국제루터교회 앞,271,202206
3524. 세종대학교,271,202206
4896. 위례포레샤인15단지,274,202206
3970. 시흥4동주민센터 앞,274,202206
3647. 구룡역 1번 출구,275,202206
3005.마포구청 청사내,276,202206
3429.HW컨벤션센터 앞,276,202206
1675. 월계문화체육센터,278,202206
2311. 학동로 래미안 아파트 앞,278,202206
1541. 삼양역,279,202206
1062. 고덕숲 아이파크 2,280,202206
2425.세곡동 사거리(대왕초등학교 정류장),280,202206
2808.항동지구 2단지 202동 앞,282,202206
4319. 삼성전자R&D어린이집 뒤,282,202206
2398. 더라움,283,202206
2417.선정릉 디캠프(D.CAMP)앞,285,202206
945. 기자촌 사거리,287,202206
2249. 우솔초등학교 맞은편,287,202206
3972. 산기슭공원 앞,287,202206
2064. 흑석한강푸르지오 106동앞,287,202206
2517.서초3교(효령로69길 방면),287,202206
3621. 휘문고교 사거리,289,202206
3616. 역삼중학교 앞(체육관 방향),289,202206
1864.산호시티빌 옆,290,202206
297.국회3문,290,202206
1393.돈암육교 하단,291,202206
4613. 서울갤러리아 앞,291,202206
2269. 주홍교 하부,292,202206
974.연신초등학교옆 마을마당,294,202206
4221. 솔리스타오피스텔(공덕동주민센터),297,202206
1376. 한국과학기술연구원 중문,297,202206
2130. 영어마을 관악캠프,299,202206
2403. 공무원연금매점 교차로 (개포주공9단지 입구),299,202206
1377. 한국과학기술연구원 북문,300,202206
1435. 능산삼거리,300,202206
4153. 흑석동효사정앞,300,202206
3428.서울미술관,300,202206
4262. 서대문자연사박물관 입구,301,202206
432. 마포중앙도서관,301,202206
3602. 한국지역난방공사강남지사,302,202206
4473. 마천금호어울림 1차 102동앞,302,202206
1842. 한울중학교,304,202206
3902. 항동지구5단지 501동 앞,304,202206
934. 신사동 성당,305,202206
5852. 대림동현대2차 201동 앞,305,202206
4672. 준빌딩 앞,307,202206
3111.무악재역 4번 출구,307,202206
2350. 래미안그레이튼102동앞,307,202206
4639. 동빙고근린공원,308,202206
1730. 도봉산역 교차로 앞,308,202206
3561.행당동 삼부APT후문,312,202206
1453. 중랑캠핑숲,312,202206
422. 문화비축기지,314,202206
3624. 대모산입구역 7번 출구 앞,315,202206
3126.남가좌동 제2공영주차장,315,202206
4266.국민연금공단충정로사옥,316,202206
1406. 망우청소년수련관,317,202206
3539. 서원마을,317,202206
3810. 신봉천주유소 B,317,202206
1392.돈암삼성풍림아파트,319,202206
483.남산타운아파트 버스정류장,319,202206
1816. 금천폭포공원 앞,320,202206
4879. 마천청소년센터,321,202206
3973. 독산2동주민센터 앞,321,202206
812. 용산전쟁기념관,321,202206
3920. 개봉역2번출구 B,322,202206
1857. 주공14단지,323,202206
1951. 천왕이펜하우스 4단지 후문,325,202206
2283. 그룹한빌딩옆,326,202206
3503. 광진유진스웰,326,202206
1836. 금천구립 독산도서관,327,202206
2519.서초2교(사임당로 방면),328,202206
2235.KT 서초지사 앞,329,202206
2383. 보금자리정원,329,202206
4903. 신사스퀘어,331,202206
2354. 청담역 2번출구,331,202206
1410. 면목 대원칸타빌아파트,332,202206
1200. 개화광역환승센터,334,202206
2371. 한국우편사업진흥원,334,202206
3564.나루마당,334,202206
4461. 한양3차아파트 3동 앞,336,202206
2078.흑석 아크로리버하임(103동),338,202206
3100. 북성초교,338,202206
608. 전농삼성아파트,339,202206
1101. 개화동상사마을종점 버스정류장,339,202206
681.서울특별시 동부교육지원청(육교),340,202206
3401.창신두산아파트,341,202206
4304. 서울고앞,343,202206
1353. 금호어울림센터힐 내,343,202206
994.북한산생태공원입구(교통섬),343,202206
4158. 노량진근린공원,345,202206
1558.강북문화정보도서관,349,202206
1304. 만해공원,350,202206
4625. 용산공원갤러리앞,350,202206
2256.양재동 꽃시장 입구,351,202206
4632. 용산 푸르지오 파크타운 1단지 앞,351,202206
2203. 청계산입구역 2번출구,351,202206
802. 한강진역 2번 출구 앞,352,202206
992.북한산입구 정류장,352,202206
977.신도중학교앞,353,202206
4834. 용마복지센터 앞,354,202206
1847. 독산주공 14단지 버스정류소,354,202206
3611. 방죽마을 입구,355,202206
4312. 반포미도2차아파트 옆,357,202206
3530. 왕십리자이아파트 후문(삼거리),357,202206
3620. 청담역 11번 출구,357,202206
4892. 성내유수지 체육공원,358,202206
3114.충정로역 3번 출구,359,202206
3714. 송천센트레빌,360,202206
3551.성동도로사업소,362,202206
2609. 보성중고등학교 후문 앞,363,202206
2548.반포1동 자율방범초소 옆,363,202206
4585. 국회6문,363,202206
3555.양지사거리(센트라스APT 115동앞),364,202206
4881. 거여동사거리 송파둘레길 입구,364,202206
4802. 새우개마을,364,202206
1820. 신한은행 시흥대로금융센터지점,366,202206
3974. 안천중학교,369,202206
3637. 세곡데이케어센터,369,202206
4608. 국립중앙박물관 정문 앞,369,202206
4580. 국회3문,369,202206
2817.천왕이펜하우스5단지 앞,371,202206
1850. 코오롱테크노밸리,372,202206
451. 청와대앞길,373,202206
1969. 궁동생태공원,373,202206
2038. 동작역 7번출구,374,202206
3427.인왕산 아이파크 정문,375,202206
823. 효창동주민센터 앞,376,202206
2363. 강남 을지병원 교차로,378,202206
858.녹사평역3번 출구,378,202206
4315. 이투스교육 앞,380,202206
2071. 대림아파트 후문 상가 옆,381,202206
1538. 솔밭공원역,383,202206
3105. 홍은센트레빌 아파트 앞,383,202206
1463.중랑구민회관,383,202206
616. 서울시립대 앞,383,202206
1196. 서울식물원(문화센터) 건너편,383,202206
2516.본마을 노인복지센터 앞,384,202206
4583. 의정관,384,202206
2349. 역삼빌딩 앞(하나은행 옆),384,202206
1181. 농수산식품공사 (강서지사),385,202206
295.영등포공원 분수대 앞,386,202206
1459. 용마한신아파트사거리,386,202206
2184. 구암초등학교 버스정류장,387,202206
2804.항동지구 6단지 602동 앞,387,202206
1852. 혜명양로원 담장 옆,387,202206
4582. 국회도서관,388,202206
3117.이화여대 인문관 인근,390,202206
1038. 강일 다솜 어린이 공원,391,202206
3109.북한산더? 106동 앞,391,202206
2390. 구룡마을 입구 (래미안블레스티지 아파트),392,202206
352. 중앙고입구 삼거리,392,202206
435. SK 남산빌딩,393,202206
2165. JK장평타워,394,202206
442.서울역 서부,395,202206
3426.독립문역 2번출구 뒤,396,202206
1703. 도봉산광역환승센터앞,396,202206
4840. 서울시 북부병원 앞,397,202206
1823. 상신정비공업 앞,399,202206
3402.이화공영주차장,399,202206
4684. 응암2동주민센터 버스정류장(영락중학교 방면),400,202206
1756.서울북부광역등기국,400,202206
4752. 삼성사이버빌리지아파트,400,202206
4234. 에스테반,400,202206
1426. 면목도시개발아파트 1동 앞,401,202206
2814.항동지구 10단지 1001동 앞,401,202206
1728. 서울북부지방법원,403,202206
1979. 구로1동우체국 앞,403,202206
1858. 500번·507번 버스 종점 앞,405,202206
1316. 고려사대부속중고 건너편,406,202206
569. 응봉현대아파트 정류소,406,202206
3663. 암사정수센터교차로(강동롯데캐슬퍼스트아파트),408,202206
1054. 말우물 어린이 공원,409,202206
1370. 복자사랑 피정의 집,409,202206
973.제각말푸르지오 5-1단지 아파트,410,202206
3703. 신성교회 앞,412,202206
3766. 강서문화센터,413,202206
4602. 숙명여대앞 버스정류소 주변,414,202206
2309. 청담역(우리들병원 앞),416,202206
1314. 정릉꿈에그린1단지 201동 앞,416,202206
2406. 논현동 광명빌딩 앞,417,202206
1365. 선잠단지 앞,418,202206
3672. 고덕중학교 후문,418,202206
1510. 번동주공5단지 관리사무소 앞,418,202206
127. 현대벤처빌 앞,419,202206
3806. 낙성대 교수아파트,420,202206
4885. 가든파이브 리빙관,421,202206
449. 일성아파트,421,202206
428. 명보사거리,421,202206
173. 서대문역 8번출구 앞,422,202206
4811. 한양수자인아파트 앞,423,202206
2057. 상도 아이파크 아파트,424,202206
161. 무악재역1번 출구,425,202206
3310.영락고등학교,425,202206
2427.개포고등학교 정문앞,425,202206
4329. SC제일은행 양재동지점 앞,427,202206
2285. LH서초3단지 301동 맞은편,427,202206
724. 계남공원 입구 주출입구 좌측,428,202206
1006. 롯데캐슬 115동앞,429,202206
1071.명일근린공원공동체텃밭,431,202206
4703. 쌍용아파트2단지 정문,433,202206
4162. 노량진1동 청소년독서실,434,202206
2041. 사당중학교 버스정류소,436,202206
494.신수동주민센터,436,202206
1263. 장지공영차고지,436,202206
830. 청암자이아파트앞,436,202206
679.전농SK아파트 앞,438,202206
2305. MCM 본사 직영점 앞,439,202206
1513. 강북구청 뒷편,443,202206
3646. 선정릉역 4번 출구,443,202206
410. 상암중학교 옆,446,202206
2258.구룡사 삼거리,447,202206
1865.금천구청앞(M빌딩),449,202206
4761. 탐앤탐스 을지로3가점,449,202206
959. 구파발10단지 인근,449,202206
4784. 중부경찰서앞 사거리,450,202206
171. 임광빌딩 앞,452,202206
4888. 둔촌오륜역 2번출구,452,202206
1290. 위례송파꿈에그린아파트24단지 앞 성벽 다리 밑,453,202206
4609. 파크타워 104동 앞,457,202206
1757.솔밭공원역 1번출구 앞,457,202206
2357. 르네상스호텔사거리 역삼지하보도 3번출구 앞 (더 오번 빌딩 명동칼국수 앞),458,202206
1635. 상계3.4동 주민센터 대여소,458,202206
3630. 개포우성6차아파트 정문 앞,458,202206
1315. 고려사대부속중고 정문,461,202206
4762. 국제빌딩,462,202206
3521. 현대홈타운 뒷길,464,202206
1714. 도봉문화정보도서관 삼거리,464,202206
4827. 신내SK V1센터 앞,465,202206
3634. 국악고교 앞 교차로,465,202206
4667. 폭포동입구 교차로,467,202206
2382. 역삼동 sk뷰 501동앞,467,202206
1323. 월곡역 입구 육교 밑,467,202206
1573.현대성우아파트 옆,468,202206
5751. 송파여성축구장,469,202206
2223. 방배래미안 정문 앞,470,202206
3802. 관악구민체육센터,472,202206
867.서빙고역 광장(1번출구),472,202206
966. 서울혁신파크1,473,202206
4490. 송파파인타운 10단지 1005동,474,202206
1053. 동명근린공원 진입로 (아리수로),474,202206
2326. 대치동 삼성로,474,202206
2094.숭실대학교(중문),474,202206
4815. 중랑데시앙플렉스 앞,475,202206
978.녹번 힐스테이트상가앞,475,202206
1868.우리은행 시흥남자동화점 앞,476,202206
2351. 청소년수련관(수영장)앞,478,202206
3659. 명일초등학교 옆,479,202206
2649.오금공원사거리2,479,202206
1188. 롯데중앙연구소,480,202206
952. 서울연신중학교,480,202206
3661. 명일동신동아아파트 앞,480,202206
3307.봉천고개 육교,483,202206
2329. 르네상스호텔사거리 역삼지하보도 2번출구,484,202206
1971. 오정초교 앞 보도육교,485,202206
2368. 도곡동 경남아파트 건너편,485,202206
159. 이대역 4번 출구,486,202206
4247. 서울서부지방법원등기국앞,486,202206
1731. 도봉고등학교 맞은편,487,202206
928. 은평역사한옥박물관,487,202206
2535.신반포역 3번출구 뒤,488,202206
1037. 강일리버파크 6단지,489,202206
4581. 국회소통관,490,202206
4807. 라코지스테이 앞,490,202206
2520.서초1교 (진흥아파트 방면),490,202206
2307. 압구정 한양 3차 아파트,492,202206
4622. 한강중학교 앞 버스정류장,495,202206
4883. 위례포레샤인18단지 1812동,497,202206
4607. 국립중앙박물관 -용산가족공원 앞,498,202206
4636. 용산구꿈나무종합타운 앞,498,202206
1161. 강서면허시험장 앞,499,202206
851.효창 푸르지오 앞,499,202206
3804. 낙성대공원,499,202206
4043. 상계주공13단지 1301동,500,202206
3682. 길동 동호빌딩,506,202206
4776. 신세계면세점,506,202206
4040. 공릉로 26길,507,202206
964. 북한산힐스테이트 7차아파트,507,202206
2380. 삼성동베이직하우스앞,508,202206
1477.면목삼익아파트 앞,509,202206
3799. 국립항공박물관,509,202206
1366. 일신초등학교 옆,509,202206
2825.초롱타운 앞,509,202206
869.노들섬 동측 앞,510,202206
4064. 신창아파트 입구 앞,510,202206
2370. 한티역 3번출구,511,202206
4604. 원효로다목적체육관 앞,512,202206
164. 북가좌1동 주민센터,512,202206
2280. 서울서초고용센터앞,513,202206
2376. 수서역 6번출구 앞,513,202206
1910. 낙원교회 맞은편,513,202206
2270. 서초포레스타 7단지,515,202206
2388. 강남구 도시관리공단,515,202206
1213. 백토공원 앞,516,202206
2272. 교대입구 교차로,517,202206
971. 역촌 센트레빌 아파트,519,202206
2241.양재전화국 사거리,520,202206
479.동대입구역 3번 출구,521,202206
4516. 신진빌라,521,202206
2083.흑석롯데캐슬에듀포레(107동),522,202206
1819. 금천구청 앞 자전거거치대,523,202206
534. 금호사거리,527,202206
1034. 고덕동 래미안 힐스테이트,528,202206
3547.상왕십리역 6번 출입구,528,202206
522. 금호역 1번출구 앞,528,202206
1571.북서울 꿈의 숲 입구,529,202206
2428.롯데리아 개포점앞,530,202206
967. 서울혁신파크2,530,202206
1967. 참새공원(백곡경노당),530,202206
3134.SK리쳄블(상수도사업본부),530,202206
3654. 강동리버스트4단지아파트 405동 앞,531,202206
120. 신수동 사거리,532,202206
2502. 서초역1번출구 앞,533,202206
2318. 삼성중앙역4번출구(문화센터더 리빌),534,202206
2323. 주식회사 오뚜기 정문 앞,534,202206
822. 이촌1동 마을공원,535,202206
2381. 언주역 6번출구앞,536,202206
4882. 위례포레샤인18단지 1802동,537,202206
1522. 월드전기조명인테리어(우이동),538,202206
2353. 강남구청역 2번출구 뒤,538,202206
1418. 새솔초등학교,538,202206
3968. 독산동 현대홈타운 금천과선교 앞,538,202206
1069.강동경희대학교병원 입구,539,202206
1258. 가락미륭아파트 앞,539,202206
3688. 상일동산(동아아파트앞 교차로),539,202206
139. 연세대 정문 건너편,541,202206
4485. 잠실나루역 고가하부,542,202206
2298. 래미안서초스위트앞,543,202206
4454. 위례 포레샤인 1809동 부근,543,202206
2818.천왕이펜하우스3단지 앞,543,202206
2907. 월계중학교,543,202206
1421. 신내역 4번출구,544,202206
489.구룡근린공원,544,202206
3006. 상암월드컵파크5단지(상암중학교),544,202206
621. 동대문중학교 옆,545,202206
469.회현역 1번출구,546,202206
2650.위례22단지 2208동 다리앞,549,202206
1679. 삼육대 도서관,549,202206
1863.위너스 스포츠클럽 골프연습장옆,550,202206
3636. 삼성중앙역·플래티넘아파트 정류소,551,202206
466.롯데호텔,551,202206
2143. 서울산업정보학교,553,202206
4579. 국회의사당 본관,554,202206
4045. 은하수 공원,555,202206
941. 은평뉴타운 도서관,555,202206
1992. 구로구배드민턴실내체육관 앞,555,202206
1504. 다이소 삼양시장점,556,202206
827. 국군복지단,559,202206
4248. 신촌 교보빌딩,559,202206
1826. 한신코아 앞,563,202206
1279. 마천금호어울림 1차아파트 건너편,564,202206
1853. 서울디자인직업전문학교 앞,565,202206
2088.상도중앙하이츠빌 입구,565,202206
2358. 구룡초사거리 (현대아파트10동 앞 ),566,202206
4718. 광화문역 6번출구 옆 A,567,202206
1058. 고덕숲 아이파크 1,569,202206
1717. 시립창동운동장 입구,570,202206
533. 금남시장 교차로,572,202206
1761.방학중학교 앞,572,202206
1539. 4.19민주묘지역,572,202206
1968. 동인오피스텔 건너편 소공원,573,202206
808. 서빙고동 금호맨션 앞,573,202206
1542. 삼양사거리역,574,202206
1436. 동원베네스트 건물 앞,575,202206
767.신정숲속마을아파트,575,202206
2336. 강남세브란스교차로 래미안그레이튼 104동 앞,576,202206
1546. 송천동우체국,578,202206
5072. 김포공항입구 교통섬,579,202206
4269. 연희IC 남측,580,202206
1547. 꿈의숲 롯데캐슬,582,202206
2527.반포중학교 앞(세화여고 맞은편),582,202206
491.월드컵파크 4단지,584,202206
2521.서초 크로바타워 앞,585,202206
4753. 우리은행 서소문금융센터,585,202206
4320. 신영체르니 아파트,586,202206
397. 종묘공영주차장 건너편,588,202206
857. 현대 안성타워,588,202206
1391.성북청소년센터,590,202206
2526.반포경남쇼핑 앞,590,202206
1479.면목 홈플러스 2,590,202206
4715. 돈의문 박물관 마을,590,202206
4116. 이문e편한세상아파트 앞,590,202206
3557.서울숲리버뷰자이APT105동 앞,592,202206
4610. 한남나인원 105동 앞,592,202206
2616. 거여동 사거리,593,202206
5305. 대륜E&S 서울지사 앞,593,202206
4678. 백련산로 녹번센트레빌,593,202206
1289. 풍납토성 서성벽터B,594,202206
2159. 인헌초교,594,202206
364. 창신역 1번출구 앞,595,202206
575. 대원중고교 입구(대하빌딩),595,202206
524. 래미안금호하이리버 아파트 102동 옆,595,202206
3640. 일원1동주민센터앞 사거리,597,202206
863.이촌역2번 출구,598,202206
1064.중앙보훈병원역 1번출구,599,202206
4017. 월계 청백1단지 아파트 정류장,599,202206
4519. 양원보도육교,600,202206
902. 진관동 은빛초등학교,600,202206
4766. 서소문성지역사박물관,601,202206
1466.두산대림아파트 삼거리,602,202206
1525. 미아동 복합청사,602,202206
2337. 대모산입구역 2번출구 앞,602,202206
3958. 롯데캐슬2차 마을버스 정류장(18804) 뒤편,604,202206
993.은평뉴타운 은뜨락아파트앞,604,202206
1652. 파르코 앞,605,202206
1843. 독산고등학교,606,202206
2331. 동영문화센터앞,606,202206
2048. 삼일초등학교 인근,607,202206
163. 명지전문대학교 정문 앞,609,202206
2822.제니스스포츠 앞,610,202206
137. 신촌기차역입구 교차로,610,202206
4785. 롯데시티호텔,612,202206
2281. 연세사랑병원신관앞,612,202206
480.약수역 6번 출구,615,202206
1511. 번동 금호어울림아파트102동앞,615,202206
1849. 대륭포스트타워5차,615,202206
2812.항동프라자,616,202206
526. 용답토속공원 앞,616,202206
3674. 강동리버스트7단지,619,202206
1105. 방화근린공원,619,202206
1239. 문정 법조단지3,620,202206
2539.대한무역투자진흥공사 KOTRA 앞,621,202206
5080. 가양역 1번출구,623,202206
2614. 가락고등학교 앞,625,202206
1774.반석교회(쌍문동),625,202206
942. 상림마을 생태공원,626,202206
1357. 북한산보국문역,626,202206
741. 화곡로 입구 교차로,627,202206
1079.강일동입구교차로,627,202206
4781. 브라운스위트레지던스,628,202206
2514.사평역 2번출구,628,202206
4475. 송파파인타운 4단지 403동,629,202206
477.앰배서더 호텔 주변,629,202206
535. 응봉삼거리,630,202206
1943. 온수역 북측,631,202206
4658. 녹번역1번출구앞,631,202206
2549.LH 서초 4단지 403동,633,202206
196. 연희교차로 인근,634,202206
1347. 길음래미안아파트817동 상가 앞,634,202206
1386.동선고가차도 초입,634,202206
664. 서울시립대 건설공학관,634,202206
594. 중랑물재생센터(서울새활용플라자),634,202206
2826.가마산지하보도 옆,635,202206
2129. 낙성대 과학전시관,635,202206
3419.국립어린이과학관,638,202206
434. 신당 래미안 버스정류장,639,202206
424. 롯데하이마트 (상암월드컵점),641,202206
3765. 문소빌딩,642,202206
2246. 서울시 품질시험소 앞,643,202206
169. 북가좌 삼거리,643,202206
811. 녹사평역1번출구,644,202206
2643.풍납중학교 측면,645,202206
1678. 성서대학교 밀알관,646,202206
3638. 신청담나들목,647,202206
4316. 고속터미널역 3번출구,647,202206
947. 연신내 선일하이츠빌 정류소,648,202206
3612. 은곡마을,649,202206
2410. 포스코피앤에스타워 (역삼역 3번출구 부근),650,202206
322. 명동성당 앞,654,202206
3609. 언주초등학교 입구,654,202206
2310. 청담동 맥도날드 옆(위치),655,202206
1509. 서울북부수도사업소,655,202206
1973. 오리로와 서해안도로 교차로 앞,656,202206
388. 동성중학교 앞,658,202206
671.대광빌딩,659,202206
4573. 두산위브아파트,661,202206
3641. 대청역,662,202206
2416.한티역 6번 출구,663,202206
1759.서울북부지방법원 앞,664,202206
1065.보훈병원 후문옆(더 원커피),665,202206
2914.서울과학기술대학교(미래관),665,202206
776.목마공원,666,202206
4474. 가락현대 1차 11동 앞,666,202206
1551.4.19탑 앞,667,202206
2137. KT&G 관악지점,668,202206
2518.서초3교(효령로70길 방면),669,202206
2645.잠실나들목2(엘스아파트136동),669,202206
2815.항동지구 7단지 정문,669,202206
4152. 상도효성해링턴플레이스,672,202206
3604. 삼성중앙역 5번출구,673,202206
3653. 강동리버스트4단지아파트 404동 앞,675,202206
4829. 신내동 한살림 중랑지구 북축,675,202206
1287. 위례아이파크 101동 맞은편,675,202206
1537. 북한산 우이역,676,202206
1183. KC 대학교,676,202206
2312. 청담역 13번 출구 앞,677,202206
2233. 서초신동아1차아파트 옆,680,202206
4862. 성내교 남단,682,202206
975.백련산 힐스테이트상가앞,682,202206
1660. 서울시립과학관,682,202206
2364. 도산공원교차로,683,202206
2360. 도곡1동 주민센터 교차로,684,202206
1441. 신내능말공원,684,202206
638. 서울시립대 정보기술관,685,202206
866.브라운스톤 남산아파트,686,202206
1367. 길음문화복합미디어센터,686,202206
4599. 대림우성아파트 사거리,686,202206
3107. 연희초등학교 앞,687,202206
425. DMC첨단산업센터,688,202206
3655. 둔촌신성미소지움아파트,689,202206
2178. 서울대학교 정문,692,202206
3903. 현대아파트 앞,693,202206
3917. 성공회대학교,694,202206
3692. 둔촌오륜역 1번 출구,694,202206
343. 예일빌딩(율곡로) 앞,694,202206
2205. 내곡3단지 어린이공원 앞,696,202206
1768.신동아타워 버스정류소,696,202206
3643. 더시그넘하우스 앞,697,202206
2319. 포스코사거리 서측(수협 삼성동 지점),698,202206
2389. 경기여자고등학교 후문 (삼성로3길 입구),699,202206
3537. 아차산 휴먼시아 아파트 옆,699,202206
1032. 선사고등학교,699,202206
3543. 세종대학교(학술정보원),699,202206
441.염천교사거리,700,202206
4683. 은평 성모병원 사거리,701,202206
3588.세종대학교(영실관),702,202206
4033. 녹천역 4번 출구 옆,703,202206
4874. 탄천1교 하부보도,703,202206
4035. 수락 행복발전소 앞,704,202206
2356. 강남구청,704,202206
840. 용산 파크타워 앞,705,202206
3770. 남부순환로 205,705,202206
1031. 올림픽로 836(아리수로),705,202206
1241. 문정 법조단지5,706,202206
2396. 영동3교 북단(우성캐릭터 앞 보도),706,202206
4821. 동원초등학교 정문 앞,706,202206
1732. 우리은행 앞,707,202206
2069. 숭실대 입구역3번 출구 앞,707,202206
760. 잣절보도육교 아래,709,202206
4207. 아만티호텔 앞,712,202206
1825. 한신아파트 앞 육교 아래,712,202206
1693. 원자력 병원,712,202206
1325. 상월곡역 4번출구,713,202206
3906. 천왕차량사업소 입구,713,202206
2190.도원맨션,713,202206
3675. 강동리버스트8단지,714,202206
4627. 효창공원앞역 5번출구 옆,715,202206
2550.양재동 꽃시장 건너편,715,202206
606. 휘경공고앞,715,202206
2501. 서초 포레스타5단지,715,202206
468.웨스틴 조선호텔,715,202206
1976. 남구로역 5번 출입구 앞,717,202206
167. 연가초등학교 옆,717,202206
572. 국립정신 건강센터 앞,718,202206
1845. 롯데캐슬골드파크1차 서문,718,202206
995.은평다목적체육관,719,202206
3797. 마곡수명산파크7단지 710동 앞,720,202206
4251. 공덕역 경의선숲길 커뮤니티센터,723,202206
4058. 다락원체육공원 전망대 입구,723,202206
3673. 강동리버스트6단지,723,202206
3807. 관악우체국 교차로,724,202206
2339. 현대아파트 정문 앞,724,202206
2062. 사당새마을금고,725,202206
4621. 남산도서관 앞,726,202206
925. 불광역 2번출구,727,202206
1516. 우이초등학교 후문 옆,728,202206
1646. 삼육대 입구,728,202206
3980. 금천현대홈타운 후문 서부샛길,729,202206
371. 동대입구역 6번출구 뒤,731,202206
2716.롯데 R&D 센터,731,202206
2024. 상도역 1번출구,734,202206
4591. 신길자이아파트,734,202206
848. 삼각지12번 출구,735,202206
4578.보라매sk뷰,735,202206
4493. 마천사거리 2,736,202206
3676. 강동리엔파크9단지,737,202206
4665. 응암역3번 출구(서부경찰서 방면),738,202206
2385. 학동역,738,202206
2422.수서동 성당 맞은편,739,202206
965. 서울특별시 은평병원,741,202206
1723. 방학동학마을도서관,741,202206
2297. 남부터미널역 1번출구,742,202206
2426.강남한신휴플러스 6단지,744,202206
3644. 상록수아파트,745,202206
2127. 난곡종점,745,202206
4555. 대림우성2차아파트,745,202206
1809. LG전자 별관동(호서대 벤처타워 맞은편),747,202206
3912. 삼호아파트 앞,748,202206
953. 서울연신초등학교,749,202206
"4605. 노들섬 다목적홀(동쪽) 숲, 앞",750,202206
160. 북아현동 가구거리,750,202206
141. 연대 대운동장 옆,751,202206
1736. 버스정류장 앞,752,202206
3629. 청담사거리(신한오피스텔빌딩 앞),753,202206
2293. SPC 앞,754,202206
1727. 서울도봉초등학교인근,754,202206
2065. 서울시여성가족재단,756,202206
337. 창경궁 입구,756,202206
4836. 양원역 1번 출구,758,202206
2212.서초현대4차아파트 201동 맞은편,759,202206
1285. 위례별 유치원 뒤,759,202206
1758.북서울교회 버스정류소 앞,759,202206
1702. 녹천역 1번출구 앞,759,202206
757. 신정이펜하우스 1단지아파트 입구 사거리,762,202206
2008. 노량진근린공원 대방공원,762,202206
3969. 독산역 롯데캐슬 104동 앞,763,202206
3127.홍은2파출소 옆,763,202206
2344. 리엔파크 2단지 앞,763,202206
2903.월계초안아파트 1단지,764,202206
2229.로고스교회 맞은 편,765,202206
2547.포드서초서비스센터앞,765,202206
4905. 강남경찰서,765,202206
1275. 거여초등학교 옆,765,202206
636. 세종대왕기념관 교차로,766,202206
470.회현역 7번출구,767,202206
667.청량차도 육교 밑,770,202206
3776. 김포공항교차로,771,202206
2172. 나들목공원,771,202206
4246. 상수역새마을금고,772,202206
2243.서울가정법원,772,202206
3686. 고덕 래미안 힐스테이트(101동),774,202206
745. 강서초등학교,778,202206
2268. 서초4동주민센터,778,202206
1543. 수유1동 주민센터,778,202206
4774. 을지로입구역 8번출구,778,202206
382. 약수역 10번출구 앞,779,202206
4307. 고투몰 gate 15옆,779,202206
4173. 중대후문 마을버스정류장,780,202206
1083.광문고교사거리(아이파크),781,202206
271. 샛강생태공원방문자센터 앞,781,202206
1137. 등촌2동주민센터,783,202206
909. 백련산 힐스테이트 3차,783,202206
3880. 홍련봉 공원,783,202206
922. 연신내역 4번출구,784,202206
3813. 낙성대역 5번출구,784,202206
4313. 반포종합운동장,787,202206
1664. 노해근린공원내,788,202206
1198. LG 사이언스파크,789,202206
233. 양평1동 YP센터 앞,789,202206
1713. 쌍문동 이안아파트 앞,790,202206
2373. 개포동역 사거리,792,202206
1916. 구로중학교앞,793,202206
3711. 월계2교 교차로,795,202206
3211.신길 래미안 프레비뉴,795,202206
2394. 개포래미안포레스트아파트 107동 앞,796,202206
2625.가락종합 사회복지관,796,202206
3761. 나이아가라관광호텔,797,202206
"2419.봉은사역 1,2번 출구",797,202206
2314. 청담나들목입구,798,202206
1056. 강일리버파크 7~11단지,798,202206
1344. 아리랑시네센터 앞,798,202206
4472. 송파파크데일 1단지 115동 건너편,799,202206
446. 상명대입구,800,202206
2328. 르네상스 호텔 사거리 역삼지하보도 7번출구 앞,800,202206
192. 연서어린이공원,802,202206
4775. 을지로지하쇼핑센터,804,202206
652. 답십리 래미안엘파인아파트 입구,804,202206
1859. 대륭테크노타운 18차,804,202206
1831. 메이퀸웨딩컨벤션 앞,806,202206
2430.강남파이낸스센터앞(역삼역2번출구),806,202206
1515. 송천동 주민센터,806,202206
1518. SK telecom(수유직영점) 앞,806,202206
3508. 화양사거리,806,202206
927. 연신내역 3번출구 인근,807,202206
3130.가재울사거리,808,202206
591. 건국대학교 (행정관),810,202206
4863. 잠실나들목5,810,202206
4838.동원사거리 행복오피스텔 앞,810,202206
347. 동대문역사문화공원역 9번출구 앞,811,202206
1057. 능골근린공원,811,202206
142. 아현역 4번출구 앞,811,202206
3863. 동일로58길 입구,813,202206
3690. 강일역 4번출구,815,202206
471.회현사거리 남측,815,202206
506. 금호 어울림 아파트 앞,816,202206
4084. 도봉동실내스포츠센터,816,202206
2263. 바우뫼문화복지회관,817,202206
4676. 갈현1동 주민센터,818,202206
3132.홍제교,819,202206
4253. 홍은도담도서관,819,202206
2139. 서울신성초등학교,821,202206
3129.DMC래미안e편한세상203동옆,827,202206
1041. 묘곡초등학교,829,202206
1751. 창원초등학교 교차로,829,202206
2341. 일원역 4~5번 출구 사이,830,202206
413. 상암월드컵파크 3단지 후문,830,202206
2250. 서초유치원 맞은편,831,202206
4887. 호돌이상가,833,202206
2237.서울남부터미널 대합실 입구,834,202206
2617. 가락삼환아파트 앞,835,202206
1725. 창1동주민센터,835,202206
790.화곡고가 사거리,836,202206
3985. 디폴리스 지식산업센터,836,202206
845. 용산 선인상가,836,202206
4871. 오금동 대림아파트 정문,841,202206
2542.신논현타워 앞,841,202206
1472.영성빌딩(PAT),843,202206
349. 사직동주민센터,843,202206
3558.마장동 금호어울림APT앞,844,202206
1480. 용마지구대 옆,845,202206
1299. 송파소방서 (방이119안전센터),846,202206
3801. 이랜드글로벌R&D센터,846,202206
1302. 한성대입구역6번출구 뒤,846,202206
3665. 고덕센트럴 아이파크상가 앞,847,202206
1063.강동롯데캐슬퍼스트 아파트(관리동),847,202206
3207.양남사거리1,848,202206
607. 신이문역 2번출구,849,202206
4009. 월계프라자,849,202206
4615. 크라운호텔앞 버스정류소,850,202206
3412.세운상가,850,202206
2196. 봉천역 3번출구,850,202206
3853. 어린이대공원역 2번출구,851,202206
1574.송중초등학교 옆,853,202206
1854. 가산아네스트 오피스텔 앞,853,202206
555. 구의3동주민센터,853,202206
1870.독산3동주민센터 앞,853,202206
3510. 중곡SK아파트앞,854,202206
4800. 필동 삼거리,855,202206
2242.양재역 11번 출구 앞,855,202206
843. 녹사평역 광장,855,202206
1280. 송파파크데일 2단지입구 앞 주차장,857,202206
1672. 상계동수락리버시티,859,202206
1018. 둔촌 주공 GS 맞은편,860,202206
4616. 신용산지하차도 앞,864,202206
4902. 구역삼세무서 교차로,865,202206
2421. 신논현역 4번출구,865,202206
677.청량리역 4번 5번출구 사이,865,202206
332. 을지로2가 사거리 남측,866,202206
1554.번동사거리,867,202206
3691. 둔촌역 2번출구,868,202206
4634. 이태원역 3번 출구,869,202206
2321. 학여울역 사거리,870,202206
1457. 동원사거리,870,202206
2320. 도곡역 대치지구대 방향,870,202206
1348. 성북제일새마을금고 본점 앞,871,202206
1373. 성북구보건소 건너편,874,202206
4458. 가락2동주민센터 인근,875,202206
1822. 서울 시흥동우체국 앞,875,202206
600. 휘경2동 주민센터,875,202206
452. 동대문 종합시장 버스정류장,876,202206
4103. 휘경sk뷰아파트 앞,876,202206
282. 신한은행 대림동지점,877,202206
4462. 가락중학교 앞,877,202206
2239.교대역 6번출구,878,202206
3122.북가좌삼거리2,878,202206
2227.방배열린문화센터 앞,884,202206
2026. 흑석역 4번출구,884,202206
1835. STX V타워,884,202206
976.진관고등학교앞,884,202206
1999. 수궁동 성당 주변,889,202206
3553.마장역3번출구,891,202206
4414. 안암역 3번 출구,891,202206
2655.송이공원,893,202206
4306. 서래공원 앞,893,202206
2330. 역삼월드메르디앙아파트 앞,893,202206
1042. 강일리버파크 2~5단지,893,202206
4589. KRX한국거래소(1),895,202206
3115.북아현 치안센터 인근,896,202206
2409. 역삼동 디오슈페리움 (우성아파트 사거리),897,202206
4534. 월정초교 앞 사거리,898,202206
4360. 르노삼성자동차 성수사업소 앞,898,202206
1340. 광운초등학교 앞,900,202206
1067.한영중고앞사거리,901,202206
3110.홍은 현대아이파크 아파트 202동 앞,902,202206
1425. 용마문화복지센터,903,202206
946. 독바위역,903,202206
4480. 가락시장 남1문 사거리,905,202206
351. 청운초교 앞 삼거리,905,202206
4563. 여의도 은하아파트,905,202206
2186. 낙성대입구삼거리,906,202206
1025. 상일초등학교,907,202206
2299. 한전아트센터 앞,907,202206
2313. 금원빌딩 앞,908,202206
1291. 서울체육고등학교 앞,908,202206
1070.(시립)고덕평생학습관,908,202206
4073.방아골종합사회복지관,909,202206
2144. 난우길입구,910,202206
1532. 번3동 주민센터 교차로,911,202206
118. 광흥창역 2번출구 앞,913,202206
3908. 오류동 다숲오피스텔 앞,917,202206
260. 여의도 마리나선착장 앞,918,202206
3718. 번동 SK LPG 충전소,918,202206
4901.KT&G타워 옆(상상마당 대치아트홀),919,202206
3977. 말미사거리,920,202206
406. 상암월드컵파크 7단지 앞,921,202206
3618. 서울율현초교 삼거리,921,202206
3642. LH강남힐스테이트아파트,921,202206
331. 을지로2가 사거리 북측,921,202206
309. 광화문역 6번출구 옆 B,926,202206
1998. 고척교 교차로,926,202206
1568.4.19민주묘지 입구사거리,927,202206
1706. 기업은행 앞,928,202206
1358. 정릉도서관 앞,928,202206
3694. 강동리엔파크 11단지,929,202206
140. 이화여대 후문,930,202206
1159. 서서울모터리움 앞,931,202206
5855. 하이투자증권 앞,931,202206
2537.양재역 8번출구 앞,932,202206
2027. 중앙대학교 정문 1,933,202206
2213. 고속터미널역 5번출구 앞,933,202206
2631.배명고등학교,934,202206
666.이문대성유니드아파트 앞,934,202206
1420. 신내어울공원 앞,934,202206
3425.광화문 풍림스페이스본 1단지앞,935,202206
4618. 풍전아파트 건너편,935,202206
3104. e편한세상 신촌4단지 앞,938,202206
852.청암자이APT(103동),939,202206
3623. 일원에코파크 앞(개포로 방면),941,202206
4906. 섬유센터 앞,943,202206
1993. 금강수목원아파트 앞,945,202206
1812. 갑을그레이트밸리 앞,945,202206
1641. 한내근린공원 남측,945,202206
4889. 마천역 1번 출구 인근②,946,202206
285. 대림3동사거리(하나은행),946,202206
979.원풍빌라앞,948,202206
4303. 매헌역 2번출구앞광역버스 정류장앞(22-297),949,202206
1536. 번동 두산위브 101동 옆,951,202206
2819.하늘숲초등학교 앞,951,202206
923. 국민은행 연서지점,952,202206
3918. 이좋은집오피스텔 앞,953,202206
5067. 주원 리젠트 앞,953,202206
712. 강월초교입구 사거리,953,202206
436. 이대역 5번출구,953,202206
4808. 신내2동 주민센터 앞,954,202206
3983. 금천구청역 1번 출구,956,202206
630. 동대문구 보건소,958,202206
4206. 광흥창역5번출구,958,202206
2128. 관악구청교차로,958,202206
4107. 장안동근린공원 입구,959,202206
135. 명물길 원형무대 앞,959,202206
3411.종묘,959,202206
1936. 개봉역 1번 출구 자전거보관서쪽,959,202206
4603. 한강GS에클라트 건너편 교통섬,960,202206
960. 구파발역 환승센터,960,202206
1519. 세븐일레븐 수유장미원점 앞,960,202206
520. 상왕십리역 4번 출구 앞,961,202206
1360. 정릉역,961,202206
251. 서울지방병무청 버스정류장,962,202206
4880. 송파청소년센터,963,202206
198. 충정2교,963,202206
430. KEB하나은행 장충동지점,964,202206
4469. 거여동 어울림아파트 102동앞,964,202206
2509. 심산기념문화센터,965,202206
1266. 문정동 글샘 공원,965,202206
713. 양서중학교 옆,965,202206
1628. 노일초등학교 앞,967,202206
298.KBS 연구동 건너편,968,202206
4499. 세양청마루 101동 앞,969,202206
2198.사랑의병원,971,202206
3101. 서대문구청,973,202206
1829. 홈플러스 금천점 앞,973,202206
"2359. 국립국악중,고교 정문 맞은편",973,202206
3221.서울특별시 남부교육지원청,973,202206
299.여의도 순복음교회,973,202206
2315. 봉은사역 5번출구 옆,973,202206
639. 서울시립대 후문,974,202206
416. 상암월드컵파크 1단지 교차로,975,202206
3116.신촌역 4번출구,975,202206
810. 이태원지하보도,976,202206
4835. 망우동 본죽 앞,977,202206
2145. 은천초등학교 육교,977,202206
1388. 돈암초교입구 버스정류장(한성대입구역 방면),978,202206
4857. 올림픽공원 장미광장,978,202206
2084.e편한세상 상도노빌리티 앞,980,202206
3963. 에이스 하드웨어(시흥대로 396) 앞,980,202206
1187. 강서수산물도매시장,981,202206
3113.독립문역사거리,981,202206
1528. 삼각산동 주민센터,982,202206
538. 답십리역 8번출구 앞,984,202206
1775.신원리베르텔 앞,985,202206
2503. 반포1동 서초빌딩 앞,986,202206
2627.문정시영아파트 5동 앞 공원,986,202206
1130. 화곡본동시장 버스정류장,986,202206
3545.한양대역 1번출구,987,202206
4886. 배명고등학교 건너편,988,202206
4224. 서부운전면허시험장,989,202206
391. 시립미술관,989,202206
4707. 청계3가 사거리,990,202206
4370. 서울숲IT캐슬 앞,991,202206
2325. 대치삼성아파트 앞 교차로,993,202206
4855. 거여5단지 503동 앞,994,202206
3008.DMC역7번출구,996,202206
402. 상암월드컵파크 9단지 앞,997,202206
476.광희문,997,202206
1303. 돈암초교 입구,998,202206
4074. 도봉구육아종합지원센터(창동),998,202206
1256. 문정현대아파트 교차로,999,202206
2185. 대학동 고시촌,1001,202206
954. 은평뉴타운구파발9단지,1001,202206
518. 청계천 박물관 앞,1002,202206
1364. 성북동 치안센터 앞,1002,202206
121. 마포소방서 앞,1003,202206
2167. 낙성대역 1번출구,1004,202206
195. 모래내고가차도,1012,202206
2603. 송파 글마루 도서관,1013,202206
4671. 청구성심병원 앞,1013,202206
3956. 대륭테크노타운21차 앞,1014,202206
656. 영휘원 교차로,1015,202206
948. 디지털미디어 시티역 4번출구(DMC역),1017,202206
"4663. 불광역3,6호선 버스정류장(동명여고 방면)",1018,202206
328. 탑골공원 앞,1018,202206
2122. 낙성대로 입구,1019,202206
4211. 시석빌딩 앞,1020,202206
2036. 정금마을 마을버스정류장,1020,202206
4530. 방아다리어린이공원,1021,202206
1049. 강일리버파크 10단지,1023,202206
4856. 올림픽공원 서1문 앞,1024,202206
748. 목동운동장,1024,202206
2271. 내방역 8번출구 앞,1024,202206
3873. 동서울우편집중국 앞,1024,202206
2215. 반포종합운동장 입구,1024,202206
2634.위례포레샤인아파트 2318동,1025,202206
1634. 당고개공원 대여소,1026,202206
2214. 신반포역 2번출구 앞,1027,202206
1240. 문정 법조단지4,1027,202206
4054. KT프라자도봉점 맞은편,1028,202206
1981. 천왕이펜하우스5단지 앞,1029,202206
1217. 송파파인타운 7단지,1029,202206
318. 광교사거리 남측,1029,202206
1349. 월계2교 버스정류장 앞,1030,202206
1026. 대명초교 입구 교차로,1030,202206
2820.신세기아파트 앞,1032,202206
720. 서울강월초등학교 앞,1033,202206
1343. 한성대7번출구 앞,1036,202206
180. 충정로역 7번출구 아래,1036,202206
1230. 송파중학교 정문,1037,202206
4083.도봉아이나라도서관 앞,1038,202206
2654.올림픽선수촌아파트 136동 앞,1038,202206
2657.송파 파인타운 11단지,1038,202206
1772.시립도봉노인복지관 버스정류소,1041,202206
125. 서강대 남문 옆,1041,202206
405. DMC빌 앞,1042,202206
4793. 동대문역사문화공원역 5번출구,1042,202206
185. 마포 신수공원 앞,1042,202206
2405. 청담공원앞 교차로,1042,202206
2037. 동작역 5번출구 동작주차공원,1044,202206
4803. 상봉2동 주민센터 앞,1045,202206
1557.신창교,1046,202206
1770.도봉한신아파트 주변,1048,202206
372. 약수역 3번출구 뒤,1049,202206
710. 금옥여고보도육교,1050,202206
850. KCC용산월츠타워,1050,202206
4002. 상계주공 14단지 상가 앞,1051,202206
1468.먹골역 7번 출구,1051,202206
4588.양남사거리2,1052,202206
3651. 개포동역 4번출구,1053,202206
2228.뒷벌공원 옆,1053,202206
1073.SSTS 몰 앞,1054,202206
1326. 상월곡역 1번출구,1055,202206
1828. 한양수자인아파트 앞,1056,202206
1016. 해뜨는 주유소옆 리엔파크 109동앞,1061,202206
4202. 프런트원(공덕역4번출구 앞),1061,202206
2259. 잠원역 3번-4번 출구사이,1061,202206
2420.학여울역 사거리(LG베스트샵 앞),1061,202206
250. 대림아파트 사거리,1062,202206
2020. 장승배기역2번출구뒷편쪽,1062,202206
4826. 홈플러스 면목점,1064,202206
2266. 서초역 3번출구,1066,202206
122. 신성기사식당 앞,1067,202206
2317. 삼성도로공원,1068,202206
1145. 곰달래 문화복지센터 1-2,1068,202206
2251. 더케이호텔 입구(양재2),1069,202206
1840. 솔브레인이엔지 뒤편,1069,202206
1671. 인덕대학교,1070,202206
1696.수락리버시티4단지,1072,202206
1553.예수그리스도후기성도교회 앞,1073,202206
4797. KG타워 앞,1073,202206
1296. 석촌호수교차로 (송파나루근린공원 앞),1075,202206
2504. 신사역 4번출구 뒤,1075,202206
1405. 망우역 1번출구,1076,202206
440. 하늘공원 입구,1077,202206
4216. 망원정 앞,1078,202206
3525. 금호스포츠센터앞,1078,202206
2528.함지박 사거리,1079,202206
4860. 가락쌍용2차아파트 103동,1079,202206
903. 은평뉴타운 아이파크,1080,202206
864.순천향대학병원(한남오거리),1080,202206
2174. 삼성디지털프라자관악점,1081,202206
1659. 중계동 을지중학교,1082,202206
1068.명일파출소,1082,202206
919. 서울혁신파크,1083,202206
4212. 한화오벨리스크 앞,1084,202206
408. LG CNS앞,1085,202206
2362. 신사동 가로수길 입구,1086,202206
963. 대호프라자아파트,1087,202206
1474.서울중랑우체국,1087,202206
4463. 방이역 2번 출구,1088,202206
714. 한국SGI 양천문화회관 앞,1089,202206
1750. 창포원 남쪽 입구,1090,202206
150. 서강대역 2번출구 앞,1090,202206
4420. 성북구 한예종 캠퍼스 별관,1091,202206
647. 신이문역 1번출구,1091,202206
1715. 서울특별시교육청도봉도서관,1091,202206
1526. 수유동 채선당앞,1092,202206
3505. 신양초교앞 교차로,1093,202206
129. 신촌역(2호선) 6번출구 옆,1093,202206
777.신월6차보람아파트 앞,1094,202206
2408. 강남한양수자인아파트,1094,202206
1734. 쌍문현대1차아파트 108동 앞,1095,202206
3787. 가양나들목,1095,202206
2411. 세곡동 성당,1095,202206
235. 신길동 우리은행 옆,1095,202206
1346. 길음8골어린이공원 옆,1095,202206
407. 마포구 육아종합지원센터,1095,202206
115. 마스타 빌딩 앞,1097,202206
676.FITI시험연구원 앞,1099,202206
4653. 불광역 9번 출구 맞은편,1099,202206
156. 서울서부지방법원 앞,1099,202206
324. 신세계백화점 본점 앞,1100,202206
733. 신정이펜하우스314동,1101,202206
4893. 문정법조단지12,1102,202206
3658. 프라이어팰리스아파트,1103,202206
"1735. 도봉역 1,2번 출구사이 건너편",1103,202206
4601.양평역2번출구 뒤,1105,202206
336. 티마크 호텔 앞,1106,202206
3529. 어린이대공원정문,1107,202206
2418.봉은사역 7번 출구,1108,202206
1719. 신도봉사거리 버스정류장,1110,202206
2273. 일동제약 사거리,1111,202206
4318. 방배역 2번 출구,1115,202206
4794. 서울역 서부교차로(3),1116,202206
654. 전농동 텃골공원,1117,202206
4778. 대신파이낸스센터,1117,202206
1771.성원APT버스정류소,1117,202206
457. 종로꽃시장 입구 옆,1118,202206
3007.MBC 앞,1121,202206
1839. 수출의 다리 아래,1121,202206
665.이문동 쌍용아파트 정문,1122,202206
2365. K+ 타워 앞,1122,202206
455. 종로6가역 버스정류장(동대문 방향),1122,202206
1746. 다이소방학점 앞,1123,202206
4208. 스타벅스(동교동) 앞,1123,202206
725. 양강중학교앞 교차로,1124,202206
1548. 북서울 꿈의숲 서문,1125,202206
"2626.경찰병원역 1,2번 출구 사이",1125,202206
2148. 낙성대역 3번출구 뒤,1125,202206
930. 구 서부경찰서 건너편,1125,202206
2372. 대치역 사거리,1125,202206
1806. 에이스하이엔드타워9차 앞,1125,202206
552. 대림아크로리버 앞,1127,202206
1395.래미안장위포레카운티(102동),1129,202206
305. 종로구청 옆,1130,202206
2095.경문고등학교 앞,1132,202206
2206. 언남초등학교 앞,1132,202206
1862.스타즈호텔독산 빌딩 앞,1132,202206
536. 행당역 2번출구 앞,1133,202206
177. 북가좌 초등학교,1133,202206
762. 오목로 무중력지대 앞,1134,202206
5076. 메이필드호텔앞,1134,202206
138. 신촌동 제1공영주차장 앞,1135,202206
1821. 홈플러스 시흥점 맞은편 다비치안경 앞,1136,202206
"5056. 마곡역4,5번출구",1137,202206
1207. 마천중앙시장,1137,202206
982. 녹번초등학교(서오릉로),1138,202206
4837. 양원지구 힐데스하임 앞,1138,202206
3606. 신사동주민센터 옆,1138,202206
4497. 아시아선수촌아파트 교차로,1138,202206
750. 연의근린공원 건너편,1139,202206
3792. 화곡본동시장 입구,1140,202206
759. 보아스아파트 앞,1140,202206
1856. 모두의학교,1145,202206
1752. 창동 주공 4단지 입구 옆,1146,202206
2245.양재초등학교 맞은편,1146,202206
389. 을지로4가역 1번출구,1146,202206
1464.중화역 4번출구,1149,202206
4034. 상계근린공원 운동장 앞,1149,202206
743. 현대6차아파트 101동 옆,1150,202206
399. 서울역 센트럴 자이아파트,1150,202206
1033. 고덕동 아남아파트,1150,202206
1722. 창동청소년수련관,1151,202206
4536. 양천해누리체육공원,1154,202206
604. 답십리초등학교 옆 공원,1154,202206
1368. 성신여대입구 교차로,1157,202206
4039. 서울시 북부여성발전센터,1157,202206
4042. 상계문화정보도서관,1159,202206
4362. 행당중학교 후문,1161,202206
2277. 길마중4교 하부,1162,202206
1654. 당고개입구 오거리,1163,202206
354. 포르투갈 대사관 앞,1165,202206
628. 휘봉고등학교 앞,1165,202206
2302. 교보타워 버스정류장(신논현역 3번출구 후면),1167,202206
1527. 미아역 1번 출구 뒤,1167,202206
4520. 대성유니드아파트,1170,202206
515. 광양중학교 앞,1170,202206
4576.보라매sk뷰 108동 앞,1173,202206
3311.서울대입구역 4번 출구,1176,202206
1748. 피자헛 앞(도봉병원 옆),1177,202206
904. 은평뉴타운 푸르지오,1178,202206
1060. 천일초교 사거리,1179,202206
2731.명덕고교,1179,202206
1564.4.19민주묘지역 1번출구,1180,202206
188. 홍은동 정원여중 입구,1181,202206
1300. 오륜사거리,1182,202206
3516. 구의아리수정수센터앞,1185,202206
1430. 중랑구청,1186,202206
1651. 상계동 우방유쉘아파트 앞,1188,202206
836. 현대자동차서비스 앞,1189,202206
2369. KT선릉타워,1190,202206
4110. 용두롯데캐슬리치아파트 앞,1190,202206
4411. 동산어린이공원 앞,1193,202206
335. 종로3가역 15번출구 앞,1194,202206
1253. 오금역 3번 출구 뒤,1196,202206
1833. 독산역 1번출구 앞 자전거보관소,1197,202206
1469.먹골역 4번출구,1199,202206
1465.중랑공영차고지 옆,1201,202206
2524.반포쇼핑타운 8동 앞,1202,202206
344. 성균관대 E하우스 앞,1202,202206
706. 신정네거리역,1204,202206
2743.동신아파트 104동 앞,1205,202206
4467. 한림연예예술고등학교,1205,202206
3423.현대그룹(본사),1205,202206
2429.압구정로데오역 6번출구,1205,202206
2082.7호선 이수역7번출구,1206,202206
4875. 위례포레샤인13단지,1207,202206
3816. 관악 GSfresh,1208,202206
4456. 위례포레샤인 2310동 부근,1210,202206
3523. 건국대학교 과학관(이과대) 앞,1212,202206
4367. kt 행당빌딩 앞,1212,202206
464. 삼청동 골목,1212,202206
2515.서초초등학교 후문,1212,202206
3959. 시흥사거리(시흥동 994-3 앞),1214,202206
307. 서울역사박물관 앞,1214,202206
2920.상계중학교(당현2교사거리),1214,202206
2156. 신림푸르지오아파트,1214,202206
359. 원남동사거리,1215,202206
1716. 하나로마트 창동점,1217,202206
2387. 래미안강남힐즈 사거리,1218,202206
3507. 어린이회관,1218,202206
3795. 공항신성빌딩 앞,1219,202206
4828. 신내동 한살림 중랑지구 앞,1220,202206
3864. 광진소방서 앞,1220,202206
3123.DMC파크뷰자이1단지 110동 앞,1221,202206
2116. 에이스에이존빌딩,1221,202206
4590. KRX한국거래소(2),1223,202206
485.서울역5번출구,1223,202206
2191.대학동주민센터,1225,202206
3767. 대원빌딩,1225,202206
3628. 역삼1동 주민센터,1226,202206
358. 성대입구 사거리,1227,202206
3984. 가산롯데아이티캐슬,1227,202206
2415.한티역 롯데백화점 앞,1228,202206
437. 대흥역 1번출구,1228,202206
1247. 문정 법조단지11,1230,202206
1729. 파리바게트앞,1231,202206
1271. 송파도서관,1232,202206
1754. 창동시장입구 사거리,1232,202206
2529.우리은행 방배동지점 앞,1233,202206
1015. 샛마을 근린공원,1233,202206
737. 장수공원,1235,202206
321. KEB 하나금융그룹 명동사옥 옆,1235,202206
4406. 장곡초등학교 앞,1236,202206
1178. 개화산역 2번 출구,1238,202206
1560. 도봉세무서 앞,1239,202206
1930. 개봉지구대 개봉치안센터,1242,202206
1394.길음뉴타운 래미안9단지,1244,202206
1339. 삼성전자서비스 성북센터,1245,202206
3405.파크팰리스,1246,202206
2012. 대림사거리(동작상떼빌아파트),1247,202206
2034. 사당역 7번출구쪽,1248,202206
4869. 잠실나들목6,1249,202206
3204.도림고가도로 밑,1251,202206
2523.뉴코아 킴스클럽 앞,1251,202206
162. 봉원고가차도 밑,1252,202206
3131.연가교 교차로,1252,202206
1869.롯데캐슬골드파크3차 301동 앞,1253,202206
640. 청량리역 2번출구,1254,202206
4419. 성북구 한예종 캠퍼스 본관,1255,202206
3753. 공항중학교 버스정류장,1255,202206
3812. KT관악지점,1256,202206
820. 청파동입구 교차로,1257,202206
1454. 한국전력공사(동대문 중랑지사),1257,202206
2375. 수서역 1번출구 앞,1257,202206
2652.송파 레미니스1단지 102동 앞,1259,202206
806. 전자랜드 본관 앞,1259,202206
4518. 청기와빌딩,1260,202206
4244. 당인리발전소 공원 앞,1261,202206
586. 마장동 주민센터,1262,202206
401. 상암월드컵파크 10단지 앞,1262,202206
4512. 목동13_14단지 사거리,1263,202206
3614. 은마아파트 입구 사거리,1263,202206
2333. 양재역 3번출구 주변,1265,202206
338. 세운스퀘어 앞,1268,202206
4825. 신내동 벽산아파트 후문 앞,1269,202206
454. 종로2가 버스정류장 (종각방향),1270,202206
2712.화곡터널입구교차로,1270,202206
1305. 성북구청,1271,202206
4214. JTBC 앞,1271,202206
2412. 일원1동 주민센터,1273,202206
1937. 한진아파트 입구,1275,202206
3707. 드래곤타워 앞,1277,202206
1965. 삼환로즈빌아파트 105동 옆,1279,202206
672.대광고등학교,1279,202206
300. 정동사거리,1283,202206
4123. 배봉초교 교차로,1285,202206
2303. 논현역 10번출구,1285,202206
155. 가좌역1 번출구 앞,1288,202206
2308. 압구정파출소 앞,1290,202206
1540. 가오리역,1293,202206
4238. 상암한샘빌딩앞,1293,202206
"1533. 번동 주공3, 4단지 교차로",1293,202206
610. 동대문중 교차로,1294,202206
809. 한남 유수지 복개주차장,1296,202206
2902.공릉풍림아파트 108동,1296,202206
1408. 먹골역 6번출구 앞,1299,202206
3414.종로5가역 4번출구,1300,202206
601. 용신동주민센터,1301,202206
4507. 신정제일시장,1301,202206
3793. 더리브골드타워,1302,202206
241. 신길우성1차아파트 앞 공원,1304,202206
3815. 광일빌딩,1306,202206
553. 중곡 성원아파트 앞,1307,202206
4629. 한강초교보도육교 앞,1307,202206
4105. 서울교통공사사거리 교통섬,1309,202206
2531.멤피스아파트 앞,1311,202206
3203.도림동배드민턴체육관,1312,202206
1361. 홍익중고 입구,1314,202206
800. 목월공원 앞,1316,202206
5065. 허준박물관삼거리,1317,202206
2066. 양문교회 앞,1317,202206
562. 군자지하보도 앞,1317,202206
782.서남병원 후문,1317,202206
4539. 목동7단지아파트 A상가,1317,202206
1928. 고척스카이돔구장 광장,1318,202206
4895. 위례포레샤인15단지 상가,1320,202206
4005. 중계2차 한화꿈에그린 101동 인근,1321,202206
4062. 평화도봉공원 주변,1321,202206
1642. 서울여대 남문,1321,202206
1334. 석관동주민센터 앞,1323,202206
4023. 월계역 1번 출구,1323,202206
3763. 등촌태영아파트,1323,202206
2091. 이수역9번출구,1324,202206
356. KT혜화지사 앞,1324,202206
1171. 염창동 새마을금고 건너편,1326,202206
4823. 방정환교육지원센터 옆,1326,202206
1666. 노원소방서인근,1327,202206
379. 서울역9번출구,1328,202206
3975.현대시티아울렛 가산,1336,202206
4677. 백련산 SK뷰 아이파크 해모로 아파트 앞,1339,202206
2413.도곡역 1번 출구,1340,202206
1429. 장안중학교,1342,202206
1109. 공항시장역 4번출구,1343,202206
2195.은천교회,1345,202206
939. 은평구청 교차로,1345,202206
1437. 늘푸른공원 앞,1349,202206
4569. 힐스테이트클래시안아파트,1350,202206
346. 맥스타일 앞,1351,202206
3120.DMC엘가아파트 앞,1351,202206
5753. 호반써밋,1352,202206
394. 경희궁 자이 3단지,1353,202206
1402. 금란주차장 앞,1353,202206
813. 삼각지역 3번출구,1354,202206
223. 진주아파트상가 앞,1355,202206
1627. 수락산역 4번출구,1355,202206
1941. 오류동역 2번출구,1356,202206
2917.신창중학교 후문 맞은편 버스정류장,1356,202206
740. 으뜸공원,1359,202206
353. 재동초교 앞 삼거리,1361,202206
2327. 뱅뱅사거리 랜드마크타워 앞,1361,202206
932. 예일여중,1362,202206
3102. 연희삼거리,1365,202206
1808. 에이스하이엔드타워8차 앞,1369,202206
126. 서강대 후문 옆,1369,202206
281. 신동아아파트 앞,1370,202206
472.삼일교(시그니쳐 타워),1376,202206
3818. 은천교회 앞,1379,202206
2276. 영동1교 (양재천근린공원),1380,202206
2009. 보라매역 8번출구,1381,202206
355. 서울사대부속초교 앞,1381,202206
145. 공덕역 5번출구,1382,202206
844. 이촌2동 동원베네스트 아파트 앞,1385,202206
4620. 삼각지역 14번 출구 앞(교통섬),1387,202206
111. 상수역 2번출구 앞,1388,202206
2423.영희초교 사거리(래미안개포루체하임),1388,202206
1003. 해공도서관앞,1389,202206
3128.동신병원 맞은편,1390,202206
4468. 가락1동주민센터,1392,202206
3803. 남서울중학교,1392,202206
1733. 방학사거리 (봄마당 앞),1394,202206
1913. 구로리공원,1395,202206
170. DMC파크뷰자이아파트 302동 앞,1397,202206
453. 종로오가 지하쇼핑센터 14번출구,1398,202206
1136. 등촌2파출소,1400,202206
5851. 도림천 건널목 위,1401,202206
4558. 대영중고 후문,1402,202206
1428. 원묵고등학교,1403,202206
341. 혜화역 3번출구 뒤,1403,202206
2823.중앙유통단지 앞,1404,202206
4016. 노원 마들스타디움,1405,202206
1681. 현대6차 아파트,1405,202206
4537. 서울남부지방검찰청 후문,1406,202206
1805. 서울디지털운동장 앞,1406,202206
124. 서강대 정문 건너편,1407,202206
2077.노들역 3번출구,1413,202206
5059. 화곡2동주민센터,1414,202206
105. 합정역 5번출구 앞,1414,202206
1709. 쌍문역4번출구 주변,1415,202206
807. 서울역 12번 출구 앞,1416,202206
4210. 가좌행복주택 앞,1421,202206
617. 청솔우성아파트 앞,1421,202206
1846. 롯데캐슬골드파크1차 동문,1422,202206
450. 효자동 삼거리,1425,202206
1470.중화동 우리은행 앞,1427,202206
3528. 광진정보도서관,1428,202206
345. 서울보증보험본사 앞,1428,202206
4659. 신진과학기술고등학교 버스정류장(응암시장 방면),1433,202206
2540.반포천 앞,1435,202206
3432.종로2가 사거리,1435,202206
1165. 마곡중학교 후문,1435,202206
395. 경희궁 자이 2단지,1436,202206
4014. 당고개역 3번 출구,1437,202206
519. 양지사거리,1441,202206
2294. 두상빌딩 앞,1442,202206
403. 부엉이공원 앞,1446,202206
4708. 조계사앞사거리,1446,202206
475.DDP 패션몰,1447,202206
2538.사평리 공원,1448,202206
752. 성원2차 아파트,1448,202206
2725.서울식물원 식물문화센터,1448,202206
1085.래미안 솔베뉴(고덕로),1449,202206
4552. 코레일유통본사,1450,202206
817. 삼각지역 4번출구 앞,1450,202206
4048. 신도1차아파트앞,1451,202206
4674. 녹번역e편한세상 캐슬 정문 앞,1451,202206
571. 어린이대공원역6번출구,1452,202206
2086.삼일수영장 앞,1454,202206
461. 서울지방경찰청,1454,202206
4852. 서울복합물류 게이트 1,1455,202206
1814. 두산위브아파트 옆 상가건물 앞,1456,202206
3103. 홍제삼거리 북측,1456,202206
143. 공덕역 2번출구,1457,202206
4104. 외대앞역 교차로,1458,202206
1372. KEB은행 고대점,1458,202206
775.세종그랑시아 앞(102동),1460,202206
4317. 양재근린공원,1461,202206
544. 광남중학교,1463,202206
4891. 위례포레샤인17단지 위례대로 방면,1464,202206
1620. 중계동 노원구민체육센터 옆(중1-2),1466,202206
433. 을지로입구역 2번출구,1466,202206
4560. 양평동성원아파트,1466,202206
828. 숙대입구역 8번,1467,202206
1630. 수연빌딩 앞,1467,202206
2112. 서울대입구역 마에스트로,1468,202206
1765.쌍문역 1번 출구(양산부인과 빌딩),1470,202206
1473.중랑역 1번 출구(중화문화복지센터),1472,202206
4600. 영등포구 총괄 우체국,1475,202206
3758. 서울남부출입국관리소,1475,202206
390. 충무로역 1번출구,1475,202206
1960. 구로거리공원 동측(신도림역 방면),1476,202206
289. 대림3동사거리,1476,202206
4713. 현대 뜨레비앙 아파트 앞,1480,202206
736. 오솔길공원,1480,202206
510. 서울숲 남문 버스정류소 옆,1482,202206
2274. 양재시민의숲역 3번출구,1482,202206
3121.가좌삼거리,1483,202206
4819. 면목동 새싹어린이공원 앞,1484,202206
4619. 한강트럼프월드3차 앞,1484,202206
3420. 성균관대입구사거리,1485,202206
2202.청계산입구역 1번출구,1485,202206
673.안암골벽산아파트(후문),1487,202206
1749. ESA아파트 상가 앞,1487,202206
949. 연신내역 1번 출구,1488,202206
3408.종로타워빌딩,1491,202206
839. 보광동 삼성리버빌아파트 앞,1491,202206
191. 서우빌딩,1492,202206
242. 신길선원가와인아파트 앞,1492,202206
2324. 천주교 대치 2동 교회 옆,1495,202206
2085.강남중학교 앞,1495,202206
774.등촌역 4번 출구,1495,202206
846. 용산중학교,1496,202206
4894. 문정법조단지13,1499,202206
320. 을지로입구역 4번출구 앞,1500,202206
2703.서울도시가스 앞,1501,202206
1520. 성실교회,1502,202206
1929. 고척근린공원 고척도서관 앞,1503,202206
4854. 가락시장역 2번 출구,1503,202206
1682. 중계종합사회복지관 교차로,1506,202206
256. 동아에코빌입구,1506,202206
1506. 강북문화예술회관,1510,202206
637. KAIST 경영대학 앞,1512,202206
1907. 구일우성(아) 육교 밑,1514,202206
1288. 문정중교 사거리,1514,202206
134. 연세로 명물길,1515,202206
1665. 양지근린공원앞,1515,202206
2332. 선릉역3번출구,1515,202206
1080.엘웨딩,1516,202206
2911.상계역중앙시장,1518,202206
4032. 은행사거리 성모빌딩 앞,1518,202206
4824. 상봉신협 앞,1519,202206
2904.중계3차청구아파트,1519,202206
1924. 삼부르네상스파크빌,1521,202206
1322. 래미안라센트아파트 103동 앞,1522,202206
288. 쌍용예가(구청별관),1522,202206
2244.교육개발원입구 교차로,1524,202206
749. 이대목동병원보도육교,1524,202206
1036. 고덕동 주양쇼핑,1525,202206
3689. 강일역 3번출구,1525,202206
2745.수명초등학교,1527,202206
339. 종로4가 사거리,1528,202206
4460. 올림픽훼미리아파트 112동 앞,1528,202206
270. 증권거래소후문교차로,1529,202206
958. 본 서부병원 버스정류장(은평 세무서 방면),1530,202206
1444. 면목4치안센터,1533,202206
4011. 월계 센트럴 아이파크,1535,202206
286. 우성아파트 교차로,1535,202206
4175. 대방역2번출구,1537,202206
1382.래미안월곡아파트 입구,1538,202206
2090.기아자동차 사당점 앞,1541,202206
5078. 왈도강서캠퍼스 앞,1541,202206
427. 성산시영아파트,1542,202206
4867. 가락대림아파트 앞,1542,202206
2709.강변아파트 310동 앞,1544,202206
1403. 중화빌딩 앞 (동부시장),1545,202206
2187. 현대시장사거리,1546,202206
2508. 양재이스타빌 앞,1546,202206
5057. 마곡역4번출구,1546,202206
1987. 개봉아이파크아파트 앞,1547,202206
2407. 역삼.서초.삼성 세무서 앞 (역삼빌딩 앞),1548,202206
732. 신월중학교,1548,202206
165. 중앙근린공원,1549,202206
2656.풍납동 아이파크 107동 앞,1551,202206
182. 망원2빗물펌프장 앞,1553,202206
254. 도림신협 앞,1554,202206
805. 문배어린이공원 앞,1556,202206
3685. 강동리엔파크14단지(1401동 앞),1557,202206
1726. 삼익세라믹아파트교차로,1560,202206
1834. 월드메르디앙 벤처센터 2차,1562,202206
1233. 잠실3거리(갤러리아팰리스),1563,202206
579. 마장역 4번출구,1564,202206
4025. 한천교 동편,1566,202206
5853. 여의도역2번출구 앞,1566,202206
1375. 생명의 전화 종합복지관 앞 교차로,1567,202206
4226. 마포프레스티지자이 1,1567,202206
1983. 구로동롯데아파트,1567,202206
1228. 마천사거리,1571,202206
1994. 삼성전자 물류센터 앞,1573,202206
4556. 리버뷰신안인스빌1차 후문,1575,202206
2221. 방일초교 마을버스 정류장,1576,202206
4078. 원당공원 앞,1576,202206
2511. 이수역 6번출구 앞,1577,202206
916. 평생학습관 앞,1581,202206
1514. 강북구청 사거리 버스정류소 앞,1581,202206
"4809. 동성1,2차 아파트 앞",1582,202206
4872. 개롱역 3번 출구 뒤,1582,202206
3882. 자양2동 주민센터,1587,202206
3775. 가양오토갤러리,1587,202206
4652. 신사두산위브2차아파트 앞,1589,202206
4567. 한림대학교 강남성심병원 신관,1590,202206
4478. 문정근린공원2,1592,202206
367. 독립문역 3-1번출구,1592,202206
3220.래미안에스티움 앞 (신풍로),1593,202206
4517. 성보하이드로빌딩,1594,202206
2089.사당역10번출구(금강빌딩),1595,202206
1186. 송정중학교,1596,202206
445.대한상공회의소,1596,202206
495.염리초등학교 앞,1597,202206
3783. 마곡금호어울림아파트,1598,202206
625. 답십리초등학교 앞(현대시장 옆),1599,202206
2247.섬들근린공원,1600,202206
3886.광진구 민방위교육센터,1600,202206
661. 경희대학교 청운관,1601,202206
348. 독립문역 사거리,1601,202206
4028. 한일유앤아이아파트 105동 인근,1602,202206
513. 뚝섬역 5번 출구 정류소 옆,1602,202206
5063. 서남환경공원(방화동도시개발2단지방향),1605,202206
4884. H비즈니스파크,1606,202206
835. 남영역 건너편,1608,202206
1257. 가락시장역 사거리,1608,202206
1027. 프라자 아파트 앞,1608,202206
4528. 양천구청역 1번출구,1610,202206
5066. 아망떼마곡전시장,1612,202206
4018. 상계주공15단지 버스정류소,1614,202206
400. 상암한화오벨리스크 1차 앞,1617,202206
4264. 홍남교 버스정류장,1617,202206
742. 등촌역 5번 출구 뒤,1618,202206
4791. 명동역9번 출구,1619,202206
1743.창동19단지아파트 관리사무소앞,1619,202206
4102. 휘경1동주민센터 앞,1619,202206
4113. 한국국방연구원 앞,1619,202206
1953. 천왕역 4번출구 뒤,1621,202206
1265. 문정동 근린공원,1625,202206
327. 낙원상가 옆,1626,202206
4873. 개롱역사거리 2번 출구,1627,202206
4373. 서울숲 지식산업센터,1629,202206
1691. 노원정보도서관,1631,202206
1606. 태릉입구역 3번출구,1633,202206
2033. 사당동 아르테스 웨딩앞,1634,202206
2710.라이품 공영주차장 앞,1637,202206
1277. 성내6교,1637,202206
3215.강변삼성래미안,1638,202206
1072.고덕역 5번출구,1639,202206
709. 신정3동 현장민원실 앞,1641,202206
4705. 웰니스센터(민방위교육장 앞),1643,202206
5073. 우장산역 헤링턴타워 앞,1645,202206
1565.대한병원앞,1646,202206
4792. 퇴계로4가 교차로(중구청),1646,202206
1396.래미안장위퍼스트하이(513동),1646,202206
4496. 잠실 파크리오 120동 앞,1647,202206
4031. 청암예술학교 앞,1647,202206
4255. 래미안 루센티아 아파트 108동 앞,1648,202206
"1051. 강일중,선사고 버스정류장(신암중학교 방면)",1648,202206
2179. 양녕로 입구,1648,202206
456. 숭인2동 주민센터 입구,1649,202206
380. CJ제일제당 앞,1649,202206
4267. 서대문역 2번 출구,1650,202206
109. 제일빌딩 앞,1650,202206
292. 영일 어린이공원,1652,202206
4526. 목동아파트2단지 222동 앞,1656,202206
1411. 상봉시장앞 교차로 한성빌딩 앞,1657,202206
2642.마천동 성내천 쉼터,1657,202206
3762. 마곡9단지 907동앞,1659,202206
199. 서울 월드컵 경기장,1660,202206
1030. 미호 플랜트 앞,1663,202206
1214. 오금역 7번 출구 인근,1664,202206
411. DMC홍보관,1666,202206
1440. 면목2동 사거리,1666,202206
1260. 방이동 한양3차아파트 옆,1667,202206
4004. 당고개입구오거리 당현천변,1668,202206
2431.대치역 7번출구,1671,202206
1461.동양엔파트 앞,1671,202206
1267. 올림픽공원 남2문 앞,1671,202206
1639. 희성오피앙,1674,202206
3919. 구로역·NC신구로점 버스정류장(구로역 방면),1674,202206
301. 경복궁역 7번출구 앞,1675,202206
2901.공릉동풍림아파트 101동,1677,202206
2821.청구아파트 앞,1677,202206
1931. 개봉역2번출구 A,1678,202206
4108. 답십리파크자이아파트 앞,1679,202206
1685. 불암고등학교 앞 횡단보도,1679,202206
3786. 강서힐스테이트 상가 앞,1681,202206
832. 이촌1동 주민센터 뒤,1681,202206
1333. 석관초등학교 앞,1689,202206
3013.서울지방고용노동청 앞,1690,202206
1705. 도봉구청 정문앞,1693,202206
488.푸르메병원,1694,202206
1697.상계주공2단지 219동,1696,202206
4566. 대림성원상떼빌아파트,1697,202206
239. 유스호스텔 앞,1697,202206
3814. 난곡사거리,1698,202206
627. 장안동삼거리 교통섬,1701,202206
2604. 풍납토성 서성벽터A,1701,202206
516. 광진메디칼 앞,1704,202206
1206. 9호선종합운동장역 9번출구,1705,202206
3552.서울숲 공영주차장앞,1707,202206
2119. 중앙동 동진빌딩,1708,202206
1012. 서울 상운차량,1709,202206
908. 구산역 4번출구,1712,202206
2711.가로공원공영주차장 1번 출구,1714,202206
1170. 강서구보건소,1716,202206
1952. 천왕연지타운2단지 앞,1718,202206
1407. 먹골역 1번출구 뒤,1719,202206
3860. 건국대학교 정문 앞,1721,202206
5055. 마곡역5번출구앞,1721,202206
3502. 중곡역 1번출구,1722,202206
204. 국회의사당역 5번출구 옆,1725,202206
3214.영등포 푸르지오,1726,202206
4510. 신정네거리역 교차로,1728,202206
1962. 가리봉동주민센터,1732,202206
2105. 미성동 신림체육센터,1733,202206
2279. 교대역 5번출구뒤,1733,202206
4796. 부산은행,1737,202206
1707. 도봉구민회관,1737,202206
1088.풍납사거리(강동),1740,202206
3125.연희파크푸르지오아파트 앞,1742,202206
310. 청계광장 옆,1742,202206
4711. 올림픽기념 국민생활관 로터리,1743,202206
1975. 대림역 1번 출입구 밑,1745,202206
3201.당산skv1센터,1745,202206
3417.창신3동주민센터,1748,202206
658. 촬영소 사거리,1752,202206
2104. 사당역 5번출구,1753,202206
1848. 벽산 디지털밸리 5차,1753,202206
985. 은평세무서 버스정류장(은평구청 방면),1754,202206
2633.송파학사 옆,1756,202206
314. 국립현대미술관,1756,202206
2414. 도곡역 아카데미스위트 앞,1757,202206
3206.문래동 주민센터,1758,202206
1168. 마곡엠밸리10단지 앞,1759,202206
984.상신초등학교앞 버스정류장,1761,202206
3684. 고덕자이(105동 앞),1762,202206
1274. 영파여고 앞,1765,202206
1966. 한마을아파트 정문상가,1765,202206
2342. 대청역 1번출구 뒤,1766,202206
962. 은평뉴타운 힐데스하임,1766,202206
387. 훈련원공원주차장 앞,1766,202206
4657. 본 서부병원 교차로 사거리,1772,202206
1385.성신여대입구역 3번출구 앞,1775,202206
1074.대명초교입구 사거리,1776,202206
2658.가락몰 업무동,1776,202206
3566.우성4차아파트,1777,202206
1086.래미안 솔베뉴(구천면로),1779,202206
1478.홈플러스 상봉점 앞,1780,202206
530. 청계벽산아파트 앞,1781,202206
420. 서울시 공공자전거 상암센터,1785,202206
4026. 상계주공1단지아파트,1787,202206
2735.마곡 공공청사,1790,202206
826. 서울역 서부교차로2,1794,202206
2505. 우성아파트사거리 (기업은행앞),1794,202206
4167. 구로교 아래,1797,202206
3550.금호나들목,1798,202206
492.성산시영아파트 후문,1799,202206
622. 전농사거리 교통섬,1801,202206
2111. 서울대입구역 1번출구,1801,202206
1194. 센서텍㈜,1801,202206
849. 삼각지 자이아파트,1802,202206
1956. 동아1차APT105동 버스정류장(신도림중학교 방면),1802,202206
2003. 사육신공원앞,1804,202206
557. 도선동 주민센터 앞,1808,202206
1767.태양중앙교회 앞,1810,202206
1081.트레빌빌딩,1812,202206
473.을지로4가역 9번출구,1812,202206
1446. 중랑전화국 교차로,1812,202206
2651.경찰병원역 3번출구 앞,1815,202206
3879. 중랑천 뚝방길 산책로 입구,1815,202206
112. 극동방송국 앞,1817,202206
1286. 위례중앙푸르지오 1단지 앞,1818,202206
4820. 망우역 2번 출구,1819,202206
2016. 신대방삼거리역 3번출구쪽,1819,202206
4019. 상계주공10단지 버스정류소,1819,202206
711. 신일해피트리아파트 앞,1822,202206
334. 종로3가역 2번출구 뒤,1826,202206
1249. 아주중학교건너편,1826,202206
1431. 중랑구청 사거리,1828,202206
1804. 독산역 2번출구 자전거주차장,1828,202206
2211. 서초구립반포도서관 앞,1830,202206
3782. 겸재정선미술관,1832,202206
815. LIG강촌아파트 103동앞,1832,202206
4491. 장지역 1번출구,1834,202206
1413. 봉화산역 5번출구 뒤,1838,202206
3907. 신도림7차e편한세상아파트 806동 앞,1839,202206
669.청계한신휴플러스앞 삼거리,1840,202206
722. 경서농협 버스정류장(우리은행신정동지점방향),1841,202206
1229. 송파체육문화회관 앞,1841,202206
1336. 성북3교 위,1844,202206
1327. 상월곡역 3번출구,1844,202206
3587.우성식품 앞,1847,202206
900. 은평예술회관,1848,202206
181. 망원초록길 입구,1848,202206
1605. 헬스케어,1850,202206
385. 종각역 5번출구,1851,202206
3868. 자양한강도서관,1852,202206
3683. KT&G강동지사,1852,202206
412. DMC산학협력연구센터 앞,1853,202206
4522. 신곡시장,1854,202206
2189. 봉천역 4번출구,1861,202206
917. 녹번역 3번출구,1862,202206
4710. 자교교회 앞,1863,202206
1059. 래미안 강동팰리스(102동),1864,202206
4812. 묵동 이마트 앞,1865,202206
1640. 한내근린공원 북측,1866,202206
1362. 보문역6번출구 앞,1868,202206
1141. 곰달래 문화복지센터 1-1,1869,202206
1319. 종암사거리 분수대,1870,202206
2231. 삼성타운(삼성생명) A동 맞은편,1872,202206
179. 가좌역 4번출구 앞,1874,202206
2746.수명산파크 4단지 411동 앞,1874,202206
490.가온문화공원,1875,202206
1108. 공항시장역 2번출구 뒤,1876,202206
220. 미성아파트 A동 앞,1878,202206
4024. 꿈의숲 SK뷰 아파트,1878,202206
758. 한사랑교회 앞,1879,202206
4557. 리버뷰신안인스빌2차 후문,1884,202206
1957. 구일고등학교 정문,1886,202206
624. 전농동 동아아파트 앞,1895,202206
3011.경의선(노고산동),1896,202206
4532. 목동현대아파트 후문 앞,1898,202206
1667. 중계중학교,1899,202206
1964. 원메디타운 앞,1900,202206
2007. 유한양행앞,1900,202206
2170. 조원동서울본병원,1903,202206
1175. 대한항공 인력개발센터,1905,202206
4598. 오목교 동측 지하보도,1907,202206
438. 성산2-1 공영주차장,1911,202206
178. 증산3교 앞,1913,202206
1174. 강서구청사거리(부민병원),1913,202206
1185. 등촌9단지,1914,202206
2404. 대모산입구역 4번 출구 앞,1915,202206
1338. 용문2교 옆,1915,202206
766. 신목동역 3번출구,1916,202206
1471.동양쇼핑 정류소 앞,1916,202206
326. 안국역 5번출구 앞,1917,202206
4804. 동서울농협 앞,1920,202206
537. 한양대후문역 부근,1925,202206
674.고대앞사거리 교통섬,1926,202206
1991. 오류동역 맞은편,1927,202206
558. 성동광진 교육지원청 앞,1927,202206
4114. 휘경여중고삼거리,1929,202206
1456. 상아빌딩(우림시장 교차로),1930,202206
1670. 노원경찰서교차로,1931,202206
426. 서울신용보증재단,1931,202206
4633. 센트럴파크타워 앞,1933,202206
340. 혜화동 로터리,1936,202206
3549.건영아파트 앞,1937,202206
4377. 우영테크노센터 앞,1941,202206
1974. 신도림2차e편한세상아파트 203동 앞,1941,202206
4020. 중계동 성모빌딩 앞,1946,202206
2742.강서구민올림픽체육센터,1947,202206
2115. 관악구시설관리공단,1952,202206
663. 외대앞역 4번출구,1954,202206
1190. 마곡역 교차로(2번출구),1955,202206
2644. 성내5교,1959,202206
989. 신응교(가좌로) 앞,1961,202206
4080. 창동주공19단지앞,1962,202206
615. 용두동 래미안허브리츠아파트 앞,1962,202206
2108. 은천치안센터,1966,202206
1920. 서울미래초등학교 사거리,1966,202206
2384. 자곡사거리,1967,202206
116. 일진아이윌아파트 옆,1967,202206
266. 영등포청과시장 사거리,1968,202206
4383. 푸조비즈타워 앞,1968,202206
1121. 가양레포츠센터 앞,1971,202206
368. SK 서린빌딩 앞,1974,202206
4169. 신대방삼거리,1983,202206
1061. 천호초교 입구 사거리(일주빌딩),1984,202206
3656. 둔촌푸르지오아파트,1985,202206
221. 여의도초교 앞,1985,202206
4500. 풍납나들목,1985,202206
1677. 육군사관학교 앞,1985,202206
1028. 포레스 주상복합 빌딩,1988,202206
657. 동대문롯데캐슬아파트 앞,1994,202206
201. 진미파라곤 앞,1994,202206
605. 신설동역8번출구,1995,202206
2056. 동작구민 체육센터,1999,202206
"773.염창역 3, 4번 출구 사이",2000,202206
1959. 구로구의회 앞,2003,202206
1933. 개봉푸르지오아파트 상가,2005,202206
961. 불광역 9번 출구,2006,202206
128. 신촌역(2호선) 1번출구 옆,2006,202206
763. 목동11단지 아파트,2006,202206
1657. 노원구청,2008,202206
834. 효창공원앞역 3번출구 뒤,2009,202206
550. 서울시설공단 앞,2009,202206
1744.KT방학지사 앞,2009,202206
3687. 신명초교입구 교차로,2013,202206
"1501. 미아역 3번,4번 출구 사이",2014,202206
2103. 신림동 우방아파트,2014,202206
1824. 독산근린공원 입구,2015,202206
3754. 신방화역 8번출구,2017,202206
255. 도림사거리,2017,202206
4117. 휘경119안전센터 앞,2021,202206
264. 교보생명보험 앞,2021,202206
5062. 마곡동 767-6,2022,202206
3581.광진광장,2025,202206
578. 성동세무서 부근,2027,202206
1908. 해원리바파크 육교 밑,2028,202206
2648.헬리오시티 112동 앞,2030,202206
3544.한양대역 3번 출구,2035,202206
104. 합정역 1번출구 앞,2037,202206
972. 수색역,2041,202206
1535. 효성인텔리안 앞,2043,202206
3756. 마곡힐스테이트 정문,2043,202206
1984. 구로구청,2043,202206
3578.중곡동 파크웨이빌딩,2044,202206
234. 영등포구민체육센터 앞,2048,202206
1450. 화랑대역 7번출구,2048,202206
3422.성균관대 정문,2048,202206
2707.한강아파트,2053,202206
1390.석관래미안아트리치,2055,202206
1318. 길음역 3번출구 뒤,2055,202206
507. 성수아이에스비즈타워 앞,2059,202206
398. 을지로3가역 3번출구,2062,202206
369. 광화문 시민열린마당,2065,202206
2605. 복정역 1번 출구 앞,2067,202206
2169. 봉천역 2번출구,2070,202206
739. 신월사거리,2074,202206
1359. 장위뉴타운 꿈에 숲 코오롱 하늘채 앞,2076,202206
231. 남부고용노동지청 남측,2077,202206
700. KB국민은행 염창역 지점 앞,2078,202206
1075.천동초교 삼거리,2082,202206
4381. 더스페이스타워 앞,2084,202206
3415.동대문역6번출구,2088,202206
716.신정6동 주민센터 인근,2088,202206
1148. 볏골공원,2090,202206
2653.올림픽공원사거리(선수촌아파트),2092,202206
3774. 마곡9단지 910동 상가앞,2096,202206
511. 서울숲역 5번 출구 옆,2099,202206
214. 금융감독원 앞,2100,202206
3865. 이튼타워리버 2차,2101,202206
2220. 반포본동 주민센터 앞,2101,202206
4222. 서울디자인고등학교 앞,2102,202206
1245. 문정 법조단지9,2105,202206
2908. 광운대학교 중앙도서관,2107,202206
2530.삼호3차아파트 앞,2107,202206
3914. 신도림쌍용플래티넘노블아파트 앞,2107,202206
546. 잠실대교북단 교차로,2107,202206
2060. 남성역3번출구 뒤,2109,202206
2054. 삼익아파트,2110,202206
563. 성동세무서 건너편,2113,202206
3586.군자역 비채온 오피스텔,2113,202206
3413.종로플레이스,2115,202206
4484. 잠실나루역4번출구뒤,2116,202206
626. 군자교 서측 녹지대,2117,202206
1530. 광산사거리,2120,202206
1404. 동일로 지하차도,2120,202206
3407.안국동사거리(신),2123,202206
157. 애오개역 4번출구 앞,2124,202206
2252. 잔디마을 마을버스 정류장,2128,202206
4418. 종암동 동덕여대 제2생활관 앞,2137,202206
4036. 하계역 6번출구,2141,202206
1690. 도봉운전면허시험장 버스정류장 옆,2144,202206
3212.신풍역 6번출구,2144,202206
1146. 곰달래사거리,2146,202206
265. 영등포유통상가 사거리,2147,202206
1369. 미아사거리,2148,202206
1737. 하나은행 (창동점),2153,202206
237. 보라매 두산위브 건너편,2157,202206
481.신당역 10번 출구,2159,202206
1552. 강북구청사거리(던킨도너츠 앞),2161,202206
166. 가재울 초등학교,2161,202206
2741.마곡수명산파크5-6단지,2162,202206
1708. 보건소사거리(다비치안경창동점),2162,202206
1433. 중화역 2번출구,2163,202206
1841. 가산동 주민센터,2166,202206
1224. 아시아지하보도 2번 출구,2166,202206
4013. 중계 롯데마트,2172,202206
1416. 상봉역 3번출구,2176,202206
3560.성동구 견인차량 보관소 앞,2177,202206
701. 목동사거리 부근,2177,202206
5752. 풍납백제문화공원 옆 인근,2181,202206
248. 초원아파트 앞,2182,202206
819. 선린인터넷 고등학교,2183,202206
860.LG한강 자이아파트 앞,2186,202206
329. 청계2가 사거리 옆,2190,202206
2909. 석계역 3번 출구,2191,202206
915. 증산역 4번출구,2192,202206
1021. 강일동 리슈빌 빌딩앞,2193,202206
2070. 노량진역 2번 출구 앞,2193,202206
521. 왕십리역 11번 출구 앞,2194,202206
1226. 잠실4동 주민센터 옆,2201,202206
950. 구산역 2번 출구 예일여고 버스정류장,2204,202206
374. 청구역 2번출구 앞,2206,202206
2702. 마곡 엠밸리2단지,2207,202206
5053. 신마곡벽산블루밍메트로오피스텔앞,2208,202206
2171. 서울대입구역 5번출구,2216,202206
3764. 관문주유소(GS칼택스) 앞,2216,202206
2067. 보라매역?동작세무서 버스정류장(강남중학교방면),2217,202206
308. 광화문 S타워 앞,2218,202206
3548.뚝섬역 6번출구,2220,202206
1004. 삼성광나루아파트 버스정류장,2220,202206
4465. 건영아파트앞 사거리,2222,202206
756. 목동주차장,2226,202206
2737.까치산역 3번 출구,2228,202206
3794. 안양천합수부(현대3차아파트),2236,202206
582. 경일중학교 앞,2237,202206
2713.우장초등학교 앞,2242,202206
1212. 송파역 2번 출구앞,2243,202206
1529. 미아동 한국전력공사,2245,202206
267. 삼성화재 사옥 옆,2245,202206
1022. 길동 사거리(초소앞),2249,202206
3759. 이대서울병원,2250,202206
1720. 도봉구청 옆(중랑천변),2251,202206
2724.(재)FITI시험연구원,2254,202206
215. 여의도고교 앞,2254,202206
2013. 장승배기역 5번출구,2255,202206
3119.연희 브라운스톤 아파트 앞,2255,202206
1683. 노원문화예술회관,2257,202206
4077. 도봉제1교,2258,202206
3506. 영동대교 북단,2261,202206
1661. 당현천근린공원,2262,202206
2913.상계8동 주민센터,2263,202206
252. 보라매역4번출구,2265,202206
1227. 거여역 8번출구 뒤,2265,202206
1306. 한성대입구역2번출구,2267,202206
4859. 잠실나루 나들목,2270,202206
2618. 삼전역 1번출구,2270,202206
3905. 희훈타워빌 앞,2273,202206
2306. 압구정역 2번 출구 옆,2275,202206
1259. 방이역 1번출구,2278,202206
2032. 이수역 11번출구쪽,2278,202206
203. 국회의사당역 3번출구 옆,2279,202206
1401. 극동늘푸른아파트,2284,202206
838. 숙대입구역 4번출구,2286,202206
4813. 망우지구대,2288,202206
4171. 우성아파트 앞,2289,202206
258. 신길역3번출구,2297,202206
1172. 가양3동 주민센터,2297,202206
3811.신사로입구,2298,202206
609. 제기2교,2299,202206
474.동대문역사문화공원역 1번출구 뒤편,2304,202206
4575. 대림동 e편한세상영등포아델포레,2305,202206
2335. 3호선 매봉역 3번출구앞,2306,202206
1689. 마들역 3번출구,2306,202206
4218. 디지털매직스페이스,2307,202206
2106. 세이브마트,2310,202206
108. 서교동 사거리,2312,202206
4486. 홈플러스 잠실점,2312,202206
635. 시조사 앞 (청량고정문 옆),2312,202206
1384.성신여대입구역 5번출구,2318,202206
1139. 용문사 버스정류장,2325,202206
175. 홍연2교옆,2326,202206
577. 광진청소년수련관,2326,202206
754. 목동1단지아파트 118동 앞,2331,202206
2000. 신도림4차 e편한세상 아파트 1109동 앞,2332,202206
1830. 빅마켓 금천점 앞,2333,202206
642. 신답역 사거리,2334,202206
1269. 리센츠아파트,2335,202206
4876. 삼전동주민센터 앞,2336,202206
3205.문래현대2차,2337,202206
1177. 수명중?고교,2338,202206
119. 서강나루 공원,2339,202206
1602. 광운대역 앞,2340,202206
816. 신용산역 6번출구 앞,2342,202206
508. 성수아카데미타워 앞,2342,202206
4041. 공릉역3번출구,2342,202206
660. 동의보감타워,2343,202206
4765. 동대문디자인플라자,2344,202206
2732.마곡수명산 1-2단지,2345,202206
414. 상암동주민센터 옆,2347,202206
1354. 고려대학교 2번출구,2349,202206
1204. 거여역 3번출구,2351,202206
3785. 마곡14단지 1408동앞,2353,202206
1762.북한산 한신휴플러스APT앞,2354,202206
5075. 등촌역 1번출구,2354,202206
1958. 강서수도사업소민원센터,2355,202206
1001. 광진교 남단 사거리(천호공원 방면),2358,202206
417. DMC역 2번출구 옆,2359,202206
573. 구의문주차장 앞,2364,202206
3760. 발산역 8번 출구,2368,202206
3009.서교동사거리(신),2369,202206
1669. 중계역 3번출구,2369,202206
3573.광나루안전체험관,2373,202206
933. 역촌종합시장 버스정류장(예일여고 방면),2377,202206
2740.마곡레포츠센터,2379,202206
4003. 상계초교 입구 교차로 명주빌딩 앞,2384,202206
593.자양중앙나들목,2385,202206
1462.동부시장 북문 앞,2391,202206
768.목동5단지아파트 501동,2395,202206
225. 앙카라공원 앞,2396,202206
1901. 신도림동주민센터 앞,2397,202206
1205. 종합운동장역 4번출구,2400,202206
2638.쌍용아파트,2401,202206
623. 서울시립대 정문 앞,2408,202206
4121. 서울문화재단 앞,2412,202206
590. 건국대학교 (입학정보관),2414,202206
1076. 천동초교입구사거리 버스정류장(십자성마을 방면),2416,202206
3517. 용마사거리,2419,202206
2175. 신림동걷고싶은문화의거리입구,2422,202206
4464. 올림픽공원 북2문,2424,202206
107. 신한은행 서교동지점,2428,202206
3627. 압구정나들목,2429,202206
3778. 김포공항입구 교차로,2430,202206
678.장안힐스테이트(아) 앞,2433,202206
4008. 하계 어린이 공원,2434,202206
1332. 석계역 5번출구 건너편,2439,202206
1246. 문정 법조단지10,2440,202206
1448. 코스트코 상봉점,2445,202206
205. 산업은행 앞,2447,202206
1017. 둔촌고교입구 교차로(길동주민센터 방면),2447,202206
1912. 한신휴아파트 앞,2449,202206
363. 신설동역 11번출구 뒤,2450,202206
796.목동아파트 14단지 B상가 앞,2457,202206
1380.월곡역 5번출구 앞,2461,202206
1119. 염창동 한마음아파트 앞,2463,202206
1282. 송파소방서 맞은편(성내4교),2466,202206
1827. 독산보도육교 앞 자전거 보관소,2466,202206
1381.석계역 4번출구 뒤,2468,202206
4408. 돌곶이역 앞,2469,202206
2230.이수역 4번 출구,2483,202206
2348. 포스코사거리(기업은행),2484,202206
4594. 양평교 영등포대여소,2488,202206
1616. 하계2동 공항버스정류장 옆,2490,202206
3757. 신방화역 6번출구,2498,202206
501. 광진구의회 앞,2500,202206
279. 영등포 푸르지오 아파트,2501,202206
1208. 풍납현대아파트쉼터,2502,202206
1455. 상봉역 2번 출구,2504,202206
4220. 신촌 청년주택,2507,202206
316. 종각역 1번출구 앞,2513,202206
153. 성산2교 사거리,2514,202206
290. 당산동 SK V1 빌딩,2517,202206
4798. 황학동롯데캐슬,2518,202206
244. 영등포삼환아파트 앞,2520,202206
238. 제2구민체육센타 앞,2522,202206
1668. 중계역 6번출구,2525,202206
1113. 서남환경공원 버스정류장,2525,202206
1215. 올림픽공원역 1번출구 앞,2526,202206
525. 한양대병원사거리,2527,202206
2222.사당역 12번출구 뒤,2527,202206
841. 신용산역 1번 출구,2529,202206
2910.도깨비시장,2530,202206
4037. 물넘이교,2531,202206
5306. 동신아파트 후문 옆,2533,202206
4768. 서울도시건축전시관,2538,202206
702. 목4동주민센터 옆,2541,202206
1619. 중계동 하나프라자빌딩 앞(중1-1),2544,202206
493.홍대입구역 6번출구,2547,202206
1140. 목동사거리 버스정류장,2551,202206
362. 청계8가 사거리,2552,202206
1656. 중앙하이츠 아파트 입구,2556,202206
1278. 송파구청 교차로,2556,202206
911. 은평평화공원(역촌역4번출구),2559,202206
1013. 강동구청역 1번 출입구,2563,202206
1235. 잠실트리지움310동 옆,2565,202206
4125. 회기역 2-①번출구,2566,202206
818. 숙명여대 입구 교차로,2569,202206
4382. 페코텍글로벌허브빌딩 앞,2570,202206
1442. 중랑구 중소기업 창업센터,2571,202206
1221. 삼전역 4번출구,2571,202206
1351. 안암2교 옆,2572,202206
539. 군자교교차로,2573,202206
1741. 제일강산수산입구,2585,202206
3657. 서울천호동우체국,2586,202206
3416.동묘앞역 6번출구,2588,202206
542. 강변역 4번출구 뒤,2589,202206
1128. 화곡역 6번출구,2589,202206
561. 서울숲역 2번출구 앞,2600,202206
4007. 노원 을지대학교 병원,2605,202206
2722.마곡 문영비지웍스,2606,202206
1169. 염창역 1번 출구,2611,202206
1742. 북한산 코오롱 하늘채,2612,202206
1077.강동역 1번출구 앞,2617,202206
1738. 창동주공17단지 상가앞,2621,202206
786.목동아파트 8단지 상가동 앞,2622,202206
1047. 강동 한신휴플러스,2625,202206
2265. 이수고가차도 남단,2625,202206
2611. 송파지역자활센터 뒤,2631,202206
543. 구의공원(테크노마트 앞),2633,202206
3796. 송정역 3번출구 앞,2637,202206
2706.강서공업고등학교 앞,2638,202206
1688. 마들역 7번출구,2643,202206
4559. 신길역 2번출구,2643,202206
130. 신촌역(2호선) 7번출구 앞,2643,202206
1988. 고척LIGA아파트 앞,2644,202206
497.합정동주민센터 앞,2646,202206
2912.대진고등학교,2646,202206
4527. 목동신시가지아파트6단지,2653,202206
2915.서울과학기술대학교(어학교육원),2657,202206
2340. 삼호물산버스정류장(23370) 옆,2657,202206
2255.시민의숲역 1번출구 옆,2661,202206
829. 베르가모앞,2662,202206
224. 롯데캐슬 앞,2662,202206
5301. 상계주공1단지 버스정류장 옆(대원빌딩 앞),2663,202206
148. 용강동 주민센터 앞,2666,202206
1035. 고덕역 4번출구,2676,202206
793.목동5단지아파트 534동,2684,202206
4353. 코오롱디지털타워 3차앞,2689,202206
1132. 등촌역 7번출구,2692,202206
719. 홍익병원앞 교차로,2693,202206
133. 해담는다리,2695,202206
3671. 둔촌동역교차로,2701,202206
249. 여의도중학교 옆,2703,202206
1977. 천왕역 1번 출입구 앞,2703,202206
4483. 잠실나들목4,2712,202206
123. 문화촌 공원,2715,202206
2630.서울방이동 고분군,2717,202206
2140. 신림1교 교차로,2719,202206
2729.넥센 유니버시티 앞,2720,202206
4897. 잠실주공5단지1,2720,202206
487.신석초교앞 교차로 교통섬,2721,202206
1512. 강북중학교 앞,2722,202206
4568. 영등포로터리,2722,202206
1655. 공릉1단지아파트,2723,202206
2718.마곡수명산파크1단지,2724,202206
4213. 마포구중앙도서관 정문 앞,2725,202206
1120. 대림경동아파트앞,2725,202206
2619. 석촌고분역 4번출구,2727,202206
3966. 독산역1번출구 옆,2729,202206
794.양천문화회관,2732,202206
3421.혜화역 1번출구,2742,202206
837. 한남나들목 입구,2743,202206
514. 성수사거리 버스정류장 앞,2744,202206
747. 목동3단지 상가,2747,202206
956. 응암시장교차로,2748,202206
560. 비전교회 앞,2750,202206
284. 센트럴 푸르지오 시티 앞,2751,202206
2801. 대륭포스트타워1차,2756,202206
5070. 마곡13단지힐스테이트마스터 후문(1320동 앞),2766,202206
529. 장한평역 8번 출구 앞,2772,202206
4453. 위례중앙푸르지오 201동 앞,2777,202206
5064. 양천향교역8번출구,2777,202206
3513. 상왕십리역 1번출구,2782,202206
587. 유니베라 앞,2786,202206
2217.아크로리버뷰 부지 앞,2788,202206
296.KT플라자 영등포점,2791,202206
1686. 상계주공10단지 종합상가 앞,2793,202206
2628.문정역 1번출구,2794,202206
588. 뚝섬 유원지역,2803,202206
2059. 보라매공원 정문,2809,202206
409. 누리꿈스퀘어 옆,2819,202206
3582.화양동 우체국,2819,202206
912. 응암오거리,2821,202206
2080. 대방지하보도(대방동경남아너스빌아파트),2822,202206
612. 시립동부병원 앞 사거리,2825,202206
206. KBS 앞,2825,202206
3520. 광진경찰서,2827,202206
219. 롯데캐슬엠파이어 옆,2827,202206
3536. 중앙농협(자양동),2832,202206
5854. 신한금융투자 앞,2838,202206
303. 광화문역 1번출구 앞,2842,202206
1111. 마곡엠밸리6_7단지 마곡중학교,2842,202206
2164. 관악우체국,2848,202206
1297. 석촌호수교차로(동호 팔각정 앞),2854,202206
780.신정교 하부,2856,202206
1023. 한국종합기술사옥 앞,2863,202206
1126. 우장산역 1번출구옆(우장산아이파크105동앞),2868,202206
1337. 돈암성당 옆,2871,202206
559. 왕십리역 4번 출구 건너편,2872,202206
5061. 우장산동 가곡어린이공원앞,2872,202206
370. 시청역(2호선) 9번출구 뒤,2875,202206
788.양천구청역 2번출구 옆,2881,202206
183. 하늘채코오롱아파트 건너편,2881,202206
1192. 마곡수명산파크 209동 건너편,2887,202206
1150. 송정역 1번출구,2888,202206
731. 서울시 도로환경관리센터,2890,202206
1203. 밀리아나2빌딩 앞,2891,202206
439. 마포어린이공원,2894,202206
302. 경복궁역 4번출구 뒤,2903,202206
905. 구파발역 2번출구,2911,202206
1904. 도림천역 1번 출구 앞,2914,202206
576. 광나루역 3번 출구,2917,202206
421. 마포구청 앞,2917,202206
3410.종로3가역 8번출구,2922,202206
226. 샛강역 1번출구 앞,2925,202206
2635.잠실새내역 1번출구,2930,202206
1155. 기쁜우리복지관,2933,202206
176. 명지대학교 도서관,2934,202206
1220. 잠실근린공원,2938,202206
1243. 문정 법조단지7,2938,202206
232. 양평우림 이비즈센타 앞,2938,202206
3219.영등포역 1번출구,2939,202206
3664. 맥도날드 서울둔촌DT점 앞,2941,202206
643. 동대문구민체육센터 (육교아래),2943,202206
280. 양평동6차현대아파트 앞,2943,202206
1458. 상봉터미널2,2949,202206
1268. 몽촌토성역 1번출구 옆,2952,202206
1643. 태릉입구역 8번출구,2952,202206
500. 어린이대공원역 3번출구 앞,2958,202206
4564. 63스퀘어,2964,202206
1131. 꿈돌이공원 앞,2964,202206
3579.광진 캠퍼스시티,2973,202206
2301. 현대고등학교 건너편,2973,202206
913. 이마트 버스정류장(서부경찰서 방면),2993,202206
1531. 미아사거리 1번 출구,2996,202206
1262. 송파여성문화회관 앞,3004,202206
1201. 가락시장역 3번 출구,3007,202206
1449. 상봉역 1번출구,3014,202206
1151. 마곡역1번출구,3019,202206
1438. 홈플러스 신내점 앞,3020,202206
4553. 당산삼성2차아파트,3021,202206
222. 시범아파트버스정류장 옆,3022,202206
613. 신설동역 10번출구 앞,3026,202206
3788. 정곡나들목,3029,202206
1048. 둔촌어린이공원,3036,202206
4535. 목동12단지 아파트,3054,202206
4514. 목동성당 앞,3059,202206
4592. 신길우성4차아파트,3061,202206
1617. 하계동 중평어린이공원 앞,3061,202206
1321. 국민은행 종암동지점 앞,3069,202206
1127. 화곡역 버스정류장,3070,202206
512. 뚝섬역 1번 출구 옆,3086,202206
287. 영등포전화국사거리 (서강어린이공원),3090,202206
1363. 보문4교 인근,3097,202206
771.목동아파트 703동 앞,3101,202206
4868. 석촌호수 서호 남단,3103,202206
2615. 테라타워2,3103,202206
680.꿈마루어린이도서관 앞,3104,202206
1231. 잠실역 6번출구,3107,202206
342. 대학로 마로니에공원,3111,202206
1199. 우장산역 3번출구,3116,202206
795.양천 해누리타운,3126,202206
1135. 강서구의회,3128,202206
229. 양평1 보행육교 앞,3129,202206
1636. 상계주공2단지 버스정류장 옆,3142,202206
2015. 신대방삼거리역 6번출구쪽,3142,202206
2727.서울식물원 잔디마당 앞,3145,202206
1129. 화곡역 1번 출구 앞,3146,202206
2264. 이수역 1번출구,3148,202206
2176. 보라매공원 보도육교,3155,202206
548. 자양나들목,3157,202206
1503. 이디야 커피 수유역점 앞,3161,202206
723. SBS방송국,3164,202206
1996. 구일역 1번 출입구 앞,3176,202206
217. NH농협은행 앞,3178,202206
1946. 구로역 광장,3180,202206
1328. 월곡역 3번출구,3189,202206
209. 유진투자증권빌딩 앞,3192,202206
"5074. 마곡엠밸리14단지 버스정류장(마곡엠밸리11,12단지상가방면)",3192,202206
584. 광진광장 교통섬,3195,202206
3784. 벽산아파트,3199,202206
4531. 목동아파트 613동 앞,3214,202206
3504. 원일교회,3215,202206
227. 양평2나들목 보행통로 입구,3217,202206
1002. 해공공원(천호동),3230,202206
4452. 삼성SDS,3233,202206
2601. 석촌호수 아뜰리에,3238,202206
194. 증산교 앞,3242,202206
393. 동대문역 8번 출구,3242,202206
2637. 아시아지하보도 14번 출구,3244,202206
633. 청량리 기업은행 앞,3266,202206
1162. 공항초등학교건너편,3269,202206
1663. 동해문화예술관앞,3288,202206
1692. 온곡초교 교차로,3288,202206
1452. 겸재교 진입부,3290,202206
4076. 진영상운 앞 중랑천 변,3291,202206
540. 군자역 7번출구 베스트샵 앞,3292,202206
1244. 문정 법조단지8,3298,202206
236. 문래동자이아파트 앞,3322,202206
4515. 동문굿모닝탑,3323,202206
1180. 마곡엠밸리 15단지(1502동) 건너편,3326,202206
3515. 서울숲 관리사무소,3328,202206
278. 쌍용플레티넘오피스텔,3331,202206
1084. 윤선생빌딩(JYP사옥),3332,202206
2613. 잠실나들목,3334,202206
2921.중계역 2번출구,3336,202206
1662. 노원역7번출구,3342,202206
1163. 방화동강서기동대앞,3348,202206
114. 홍대입구역 8번출구 앞,3349,202206
213. KT앞,3363,202206
1447. 면목역 3번출구,3373,202206
2632.석촌고분역 2번 출구,3377,202206
291. 문래동 하이테크 시티,3380,202206
1986. 태평양물산빌딩,3385,202206
914. 새절역 2번출구,3386,202206
1011. LIGA 아파트 앞,3392,202206
3881. 신자초교입구 교차로,3394,202206
2025. 흑석역 1번출구,3395,202206
2058. 동작경찰서,3407,202206
1451. 중랑세무서,3410,202206
574. 아차산역4번출구,3414,202206
614. 용두동 사거리,3416,202206
505. 자양사거리 광진아크로텔 앞,3422,202206
3542. 래미안 구의파크 스위트,3424,202206
1010. 강동세무서,3441,202206
592. 건국대학교 학생회관,3441,202206
568. 청계8가사거리 부근,3446,202206
4481. 올림픽공원 북2문 2,3449,202206
131. 증산2교,3452,202206
1611. 과기대 입구(우),3456,202206
3769. 증미역 2번출구,3460,202206
1248. 방이초등학교,3462,202206
1851. 가산디지털단지 7번출구,3477,202206
2647.잠실 자전거 수리센터 앞,3481,202206
3202.당산롯데캐슬프레스티지,3500,202206
3789. 염창나들목,3507,202206
2730.마곡메가박스 앞,3508,202206
729. 서부식자재마트 건너편,3508,202206
154. 마포구청역,3508,202206
1232. 잠실주공 521동 건너편,3521,202206
268. 그랜드컨벤션센터 앞,3537,202206
648. 장안동위더스빌옆,3547,202206
670.삼육서울병원 버스정류장,3550,202206
2377. 수서역 5번출구,3551,202206
3668. 성내삼성아파트,3561,202206
1610. 화랑대역 2번출구 앞,3562,202206
2107. 도림천 신화교,3563,202206
4122. 청계9가교차로 앞,3565,202206
1078.둔촌사거리,3569,202206
583. 청계천 생태교실 앞,3573,202206
186. 월드컵공원,3576,202206
1414. 사가정역 2번출구,3578,202206
458. 광화문역 5번출구,3579,202206
659. 제기역1번출구,3579,202206
245. 삼성생명 당산사옥 앞,3582,202206
2723.마곡 필네이처,3585,202206
3772. 길성그랑프리텔아파트,3586,202206
419. 홈플러스 앞,3592,202206
418. 월드컵경기장역 3번출구 옆,3597,202206
3500. 군자역2번출구,3603,202206
4065. 창동역 1번출구 앞,3610,202206
275. 신동아아파트,3616,202206
779. 신정1동 주민센터 앞,3617,202206
2606. 위례동주민센터 맞은편 근린공원,3627,202206
498.연남동주민센터 앞,3628,202206
415. DMC역 9번출구 앞,3630,202206
781.신정보도육교 아래,3640,202206
1024. 강동구청 앞,3640,202206
146. 마포역 2번출구 뒤,3646,202206
1029. 성내어울터,3652,202206
243. 이앤씨드림타워 앞,3656,202206
4508. 유원목동아파트 103동 앞,3660,202206
1102. 방화사거리 마을버스 버스정류장,3662,202206
1608. 공릉역 1번 출구 앞,3665,202206
549. 아차산역 3번출구,3667,202206
184. 7번가피자 서교망원점,3674,202206
4864. 송파사거리,3675,202206
3680. 강동역3번출구,3676,202206
1914. 대림역4번출구,3682,202206
1355. 보문2교,3690,202206
4027. 한내 행복발전소 옆,3697,202206
1118. 증미역 3번출구뒤(등촌두산위브센티움오피스텔),3700,202206
4233. 코오롱아파트사거리,3708,202206
1122. 황금내근린공원,3712,202206
2641.송파역 4번출구,3715,202206
1103. 방화역 4번출구앞,3717,202206
1182. KBS 스포츠월드,3727,202206
3514. 왕십리교회옆,3755,202206
1209. 잠실나루역 (2번 출구 쪽),3757,202206
2623.석촌동 주민센터,3784,202206
144. 공덕역 8번출구,3786,202206
668.서울축산농협(장안지점),3791,202206
744. 신목동역 2번 출구,3803,202206
4865. 한성백제역 1번출구 뒤,3808,202206
791.현대하이페리온,3810,202206
755. 목동1단지아파트 상가 앞,3844,202206
1569.수유역2번출구,3845,202206
103. 망원역 2번출구 앞,3861,202206
551. 구의삼성쉐르빌 앞,3875,202206
735. 영도초등학교,3883,202206
704. 남부법원검찰청 교차로,3891,202206
825. 서빙고동 주민센터 앞,3892,202206
2050. 노량진역 5번출구,3898,202206
1251. 석촌역 2번출구,3899,202206
1650. 중계근린공원내,3916,202206
1197. 엠펠리체 호텔 건너편,3917,202206
3559.성동구민종합체육센터 앞,3929,202206
4561. 양평역 1번출구,3937,202206
906. 연신내역 5번출구,3949,202206
2719.마곡문화공원,3965,202206
3501. 광진구청 앞,3972,202206
2646.레이크펠리스101동앞,3976,202206
3509. 세종사이버대학교,3988,202206
4046. 경춘선 숲길,3999,202206
2621. 한성백제역 2번 출구,4005,202206
1961. 신도림테크노근린공원,4005,202206
2109. 은천로입구 가로공원,4020,202206
147. 마포역 4번출구 뒤,4020,202206
276. 영등포로터리2,4027,202206
1157. 강서구청,4029,202206
2824.미래사랑어린이공원 앞,4043,202206
1293. 석촌호수 서호 사거리,4064,202206
3904. 테크노마트 앞,4077,202206
931. 역촌파출소,4090,202206
1218. 방이역 4번출구,4090,202206
2744.강서세무서 앞,4092,202206
106. 합정역 7번출구 앞,4102,202206
1195. 코오롱One&Only타워,4105,202206
996.응암역2번출구 국민은행 앞,4108,202206
3571.화양 APT(횡단보도 옆),4121,202206
797.목동아파트 1422동 1434동 사잇길,4122,202206
3681. 길동 마루빌딩,4127,202206
3575. 자양사거리(서원빌딩),4128,202206
3570.구의역 리버비스타 오피스텔,4132,202206
2610. 송리단길,4138,202206
4029. 청소년수련관 후문,4143,202206
"1191. 마곡역 버스정류장(마곡나루역1번출구, 웰튼병원 방면)",4146,202206
4509. 서울영상고교 입구,4147,202206
240. 문래역 4번출구 앞,4159,202206
1090.상일동역 2번출구 앞,4160,202206
117. 홍은사거리,4163,202206
2525.반포쇼핑타운 2동 앞,4168,202206
2639.석촌역 8번출구,4176,202206
210. IFC몰,4183,202206
259. 대방역6번출구,4186,202206
4457. 아산병원 기숙사 부근,4188,202206
787.양천아파트 입구,4208,202206
2708.강서한강자이타워 앞,4210,202206
431. 청계천 영도교,4211,202206
634. 외국어대 정문 앞,4214,202206
4574. 영등포시장역 포레나영등포,4218,202206
263. 근로자회관 사거리,4221,202206
641. 용두역 4번출구,4221,202206
361. 동묘앞역 1번출구 뒤,4231,202206
1721. 창동역 2번출구,4232,202206
1020. 강동경찰서,4240,202206
1173. 강서구청사거리(SH타워),4252,202206
1867.대륭포스트타워6차 앞,4262,202206
3002.벽산상암스마트큐브,4268,202206
1684. 태릉입구역 5번출구,4292,202206
2919.등나무 근린공원(시립북서울미술관 앞),4303,202206
870.노들섬 서측 앞,4306,202206
1955. 디지털입구 교차로,4308,202206
2704.홈플러스(강서점),4315,202206
283. 아크로타워 스퀘어(영등포시장),4335,202206
1184. 마곡13단지,4337,202206
764. 목동청소년수련관,4367,202206
1674. 서울북부고용센터앞,4378,202206
383. 신당역 12번 출구 뒤,4417,202206
734. 신트리공원 입구,4417,202206
2739.수명산파크1단지교차로,4420,202206
631. 답십리역 1번출구,4480,202206
2720.힐스테이트에코,4503,202206
3541. 커먼그라운드,4550,202206
1985. 구로도서관,4565,202206
293. 충북 미래관,4584,202206
726. 목동3단지 시내버스정류장,4598,202206
3600.사근빗물펌프장 건너편,4613,202206
1008. 암사역 3번출구(국민은행앞),4651,202206
1019. 다성이즈빌아파트(호원대 대각선 맞은편),4676,202206
2733.마곡13단지 정문 앞,4683,202206
1264. 천호역 10번 출구 앞,4725,202206
3780. 등촌서광아파트,4738,202206
1106. 신방화사거리,4743,202206
3534. 건대입구역 5번출구 뒤,4764,202206
585. 성수2가1동 공영주차장 인근,4780,202206
228. 선유도역 3번출구 앞,4844,202206
1167. 마곡수명산파크3단지 교차로,4845,202206
509. 이마트 버스정류소 옆,4850,202206
102. 망원역 1번출구 앞,4893,202206
1152. 마곡역교차로,4936,202206
4571. 문래동롯데캐슬아파트,4977,202206
3010.홍대입구역 3번출구,5005,202206
1625. 상계역(4번출구),5021,202206
2262. 한신16차아파트 119동 앞,5027,202206
1925. 동양미래대학교 정문 옆,5054,202206
3518. 군자역 7번출구뒤,5070,202206
1222. 잠실새내역 5번 출구 뒤,5071,202206
1117. 등촌5단지아파트 버스정류장,5083,202206
274. 영등포역지하쇼핑센타 5번출구,5112,202206
853.용산역 맞은편,5168,202206
202. 국민일보 앞,5172,202206
746. 목동2단지 상가,5200,202206
602. 장안동 사거리,5219,202206
"2219. 고속터미널역 8-1번, 8-2번 출구 사이",5222,202206
708. 서울출입국관리사무소 앞,5253,202206
262. 영문초등학교 사거리,5261,202206
1193. 마곡센트럴타워 1차,5270,202206
703. 오목교역 7번출구 앞,5322,202206
2002. 노들역 1번출구,5325,202206
5052. 마곡역 7번출구,5332,202206
567. 성수역 2번출구 앞,5378,202206
1166. 강서구립등빛도서관,5379,202206
907. CJ 드림시티,5390,202206
3569.건대병원후문,5401,202206
1149. 신방화역환승주차장,5405,202206
1050. 둔촌역 3번 출입구,5406,202206
2721.등촌1-10단지 교차로,5426,202206
2717.LG유플러스 마곡사옥,5429,202206
1044. 굽은다리역,5443,202206
2183. 동방1교,5453,202206
589. 성수역3번출구,5474,202206
3511. 응봉역 1번출구,5499,202206
1601. 석계역 문화광장 내 자전거 보관소,5501,202206
1295. 잠실역 8번출구,5571,202206
1211. 방이삼거리,5600,202206
1112. 마곡엠밸리4단지 정문,5603,202206
1653. 노원역1번출구,5769,202206
1125. 명덕고교입구(영종빌딩),5772,202206
769.CBS방송국 앞,5803,202206
1637. KT 전화국 버스정류장 옆,5872,202206
646. 장한평역 1번출구,6023,202206
4870. 몽촌토성역 3번 출구,6127,202206
1308. 안암로터리 버스정류장 앞,6145,202206
792.목동트라팰리스 웨스턴에비뉴,6146,202206
3798. 그랜드아이파크아파트 앞,6164,202206
1009. 천호역4번출구(현대백화점),6262,202206
2173. 당곡사거리,6369,202206
4565. 영등포 신세계백화점,6411,202206
565. 옥수역 3번출구,6520,202206
113. 홍대입구역 2번출구 앞,6565,202206
"785.양천구청, 보건소 사잇길",6671,202206
2620. 송파나루역 4번 출구옆,6795,202206
1906. 신도림역 1번 출구 앞,7278,202206
1124. 발산역 6번 출구 뒤,7308,202206
1160. 양천향교역 7번출구앞,7357,202206
2608. 송파구청,7521,202206
765. 오목교역 3번출구,7549,202206
230. 영등포구청역 1번출구,7726,202206
272. 당산육갑문,7876,202206
3533. 건대입구역 사거리(롯데백화점),7937,202206
2622. 올림픽공원역 3번출구,8582,202206
1158. 가양역 8번출구,8618,202206
770.목동역5번출구 교통정보센터 앞,9081,202206
247. 당산역 10번출구 앞,9103,202206
2728.마곡나루역 3번 출구,9217,202206
"1153. 발산역 1번, 9번 인근 대여소",9456,202206
2701. 마곡나루역 5번출구 뒤편,9721,202206
2177. 신대방역 2번 출구,10009,202206
1911. 구로디지털단지역 앞,10373,202206
1210. 롯데월드타워(잠실역2번출구 쪽),11780,202206
207. 여의나루역 1번출구 앞,13595,202206
2102. 봉림교 교통섬,13722,202206
502. 뚝섬유원지역 1번출구 앞,14125,202206
4217. 한강공원 망원나들목,15417,202206
2715.마곡나루역 2번 출구,16498,202206